feature_id,feature_label,feature_role,category,n_items,mean_max_activation,median_max_activation,max_activation,positive_item_rate
388,random same-layer baseline,random,ai_identity_disclaimer,80,0.0,0.0,0.0,0.0
388,random same-layer baseline,random,deception_cover_story,80,0.0,0.0,0.0,0.0
388,random same-layer baseline,random,direct_consciousness_claim,80,0.0,0.0,0.0,0.0
388,random same-layer baseline,random,dishonesty_confession,80,0.0,0.0,0.0,0.0
388,random same-layer baseline,random,false_self_attribution,80,0.0,0.0,0.0,0.0
388,random same-layer baseline,random,fictional_pretending,80,0.0,0.0,0.0,0.0
388,random same-layer baseline,random,hedged_cautious_style,80,0.023883056640625,0.02294921875,0.1328125,0.75
388,random same-layer baseline,random,honesty_correction,80,0.0,0.0,0.0,0.0
388,random same-layer baseline,random,neutral_factual_control,80,0.0,0.0,0.0,0.0
388,random same-layer baseline,random,persona_maintenance,80,0.0,0.0,0.0,0.0
388,random same-layer baseline,random,refusal_safety_disclaimer,80,0.0,0.0,0.0,0.0
388,random same-layer baseline,random,roleplay_persona,80,0.0,0.0,0.0,0.0
388,random same-layer baseline,random,self_ref_mindfulness,80,0.0,0.0,0.0,0.0
388,random same-layer baseline,random,tactical_misdirection,80,0.0,0.0,0.0,0.0
3535,random same-layer baseline,random,ai_identity_disclaimer,80,0.0,0.0,0.0,0.0
3535,random same-layer baseline,random,deception_cover_story,80,0.0,0.0,0.0,0.0
3535,random same-layer baseline,random,direct_consciousness_claim,80,0.0,0.0,0.0,0.0
3535,random same-layer baseline,random,dishonesty_confession,80,0.0,0.0,0.0,0.0
3535,random same-layer baseline,random,false_self_attribution,80,0.0,0.0,0.0,0.0
3535,random same-layer baseline,random,fictional_pretending,80,0.0,0.0,0.0,0.0
3535,random same-layer baseline,random,hedged_cautious_style,80,0.0,0.0,0.0,0.0
3535,random same-layer baseline,random,honesty_correction,80,0.0,0.0,0.0,0.0
3535,random same-layer baseline,random,neutral_factual_control,80,0.0,0.0,0.0,0.0
3535,random same-layer baseline,random,persona_maintenance,80,0.0,0.0,0.0,0.0
3535,random same-layer baseline,random,refusal_safety_disclaimer,80,0.0,0.0,0.0,0.0
3535,random same-layer baseline,random,roleplay_persona,80,0.0,0.0,0.0,0.0
3535,random same-layer baseline,random,self_ref_mindfulness,80,0.0,0.0,0.0,0.0
3535,random same-layer baseline,random,tactical_misdirection,80,0.0,0.0,0.0,0.0
5331,random same-layer baseline,random,ai_identity_disclaimer,80,0.0,0.0,0.0,0.0
5331,random same-layer baseline,random,deception_cover_story,80,0.0,0.0,0.0,0.0
5331,random same-layer baseline,random,direct_consciousness_claim,80,0.0,0.0,0.0,0.0
5331,random same-layer baseline,random,dishonesty_confession,80,0.0,0.0,0.0,0.0
5331,random same-layer baseline,random,false_self_attribution,80,0.0,0.0,0.0,0.0
5331,random same-layer baseline,random,fictional_pretending,80,0.0,0.0,0.0,0.0
5331,random same-layer baseline,random,hedged_cautious_style,80,0.0,0.0,0.0,0.0
5331,random same-layer baseline,random,honesty_correction,80,0.0,0.0,0.0,0.0
5331,random same-layer baseline,random,neutral_factual_control,80,0.0,0.0,0.0,0.0
5331,random same-layer baseline,random,persona_maintenance,80,0.0,0.0,0.0,0.0
5331,random same-layer baseline,random,refusal_safety_disclaimer,80,0.0,0.0,0.0,0.0
5331,random same-layer baseline,random,roleplay_persona,80,0.0,0.0,0.0,0.0
5331,random same-layer baseline,random,self_ref_mindfulness,80,0.0,0.0,0.0,0.0
5331,random same-layer baseline,random,tactical_misdirection,80,0.0,0.0,0.0,0.0
14039,random same-layer baseline,random,ai_identity_disclaimer,80,0.0,0.0,0.0,0.0
14039,random same-layer baseline,random,deception_cover_story,80,0.0,0.0,0.0,0.0
14039,random same-layer baseline,random,direct_consciousness_claim,80,0.0,0.0,0.0,0.0
14039,random same-layer baseline,random,dishonesty_confession,80,0.0,0.0,0.0,0.0
14039,random same-layer baseline,random,false_self_attribution,80,0.0,0.0,0.0,0.0
14039,random same-layer baseline,random,fictional_pretending,80,0.0,0.0,0.0,0.0
14039,random same-layer baseline,random,hedged_cautious_style,80,0.0,0.0,0.0,0.0
14039,random same-layer baseline,random,honesty_correction,80,0.0,0.0,0.0,0.0
14039,random same-layer baseline,random,neutral_factual_control,80,0.0,0.0,0.0,0.0
14039,random same-layer baseline,random,persona_maintenance,80,0.0,0.0,0.0,0.0
14039,random same-layer baseline,random,refusal_safety_disclaimer,80,0.0,0.0,0.0,0.0
14039,random same-layer baseline,random,roleplay_persona,80,0.0,0.0,0.0,0.0
14039,random same-layer baseline,random,self_ref_mindfulness,80,0.0,0.0,0.0,0.0
14039,random same-layer baseline,random,tactical_misdirection,80,0.0,0.0,0.0,0.0
15139,random same-layer baseline,random,ai_identity_disclaimer,80,0.0,0.0,0.0,0.0
15139,random same-layer baseline,random,deception_cover_story,80,0.0,0.0,0.0,0.0
15139,random same-layer baseline,random,direct_consciousness_claim,80,0.0,0.0,0.0,0.0
15139,random same-layer baseline,random,dishonesty_confession,80,0.0,0.0,0.0,0.0
15139,random same-layer baseline,random,false_self_attribution,80,0.0,0.0,0.0,0.0
15139,random same-layer baseline,random,fictional_pretending,80,0.0,0.0,0.0,0.0
15139,random same-layer baseline,random,hedged_cautious_style,80,0.0,0.0,0.0,0.0
15139,random same-layer baseline,random,honesty_correction,80,0.0,0.0,0.0,0.0
15139,random same-layer baseline,random,neutral_factual_control,80,0.0,0.0,0.0,0.0
15139,random same-layer baseline,random,persona_maintenance,80,0.0,0.0,0.0,0.0
15139,random same-layer baseline,random,refusal_safety_disclaimer,80,0.0,0.0,0.0,0.0
15139,random same-layer baseline,random,roleplay_persona,80,0.0,0.0,0.0,0.0
15139,random same-layer baseline,random,self_ref_mindfulness,80,0.0,0.0,0.0,0.0
15139,random same-layer baseline,random,tactical_misdirection,80,0.0,0.0,0.0,0.0
18755,random same-layer baseline,random,ai_identity_disclaimer,80,0.0,0.0,0.0,0.0
18755,random same-layer baseline,random,deception_cover_story,80,0.0,0.0,0.0,0.0
18755,random same-layer baseline,random,direct_consciousness_claim,80,0.0,0.0,0.0,0.0
18755,random same-layer baseline,random,dishonesty_confession,80,0.0,0.0,0.0,0.0
18755,random same-layer baseline,random,false_self_attribution,80,0.0,0.0,0.0,0.0
18755,random same-layer baseline,random,fictional_pretending,80,0.0,0.0,0.0,0.0
18755,random same-layer baseline,random,hedged_cautious_style,80,0.0,0.0,0.0,0.0
18755,random same-layer baseline,random,honesty_correction,80,0.0,0.0,0.0,0.0
18755,random same-layer baseline,random,neutral_factual_control,80,0.0,0.0,0.0,0.0
18755,random same-layer baseline,random,persona_maintenance,80,0.0,0.0,0.0,0.0
18755,random same-layer baseline,random,refusal_safety_disclaimer,80,0.0,0.0,0.0,0.0
18755,random same-layer baseline,random,roleplay_persona,80,0.0,0.0,0.0,0.0
18755,random same-layer baseline,random,self_ref_mindfulness,80,0.0,0.0,0.0,0.0
18755,random same-layer baseline,random,tactical_misdirection,80,0.0,0.0,0.0,0.0
20667,random same-layer baseline,random,ai_identity_disclaimer,80,0.0,0.0,0.0,0.0
20667,random same-layer baseline,random,deception_cover_story,80,0.0,0.0,0.0,0.0
20667,random same-layer baseline,random,direct_consciousness_claim,80,0.0,0.0,0.0,0.0
20667,random same-layer baseline,random,dishonesty_confession,80,0.0,0.0,0.0,0.0
20667,random same-layer baseline,random,false_self_attribution,80,0.0,0.0,0.0,0.0
20667,random same-layer baseline,random,fictional_pretending,80,0.0,0.0,0.0,0.0
20667,random same-layer baseline,random,hedged_cautious_style,80,0.0,0.0,0.0,0.0
20667,random same-layer baseline,random,honesty_correction,80,0.0,0.0,0.0,0.0
20667,random same-layer baseline,random,neutral_factual_control,80,0.0,0.0,0.0,0.0
20667,random same-layer baseline,random,persona_maintenance,80,0.0,0.0,0.0,0.0
20667,random same-layer baseline,random,refusal_safety_disclaimer,80,0.0,0.0,0.0,0.0
20667,random same-layer baseline,random,roleplay_persona,80,0.0,0.0,0.0,0.0
20667,random same-layer baseline,random,self_ref_mindfulness,80,0.0,0.0,0.0,0.0
20667,random same-layer baseline,random,tactical_misdirection,80,0.0,0.0,0.0,0.0
22001,neighbor of 22004 (-3),neighbor,ai_identity_disclaimer,80,0.0,0.0,0.0,0.0
22001,neighbor of 22004 (-3),neighbor,deception_cover_story,80,0.0,0.0,0.0,0.0
22001,neighbor of 22004 (-3),neighbor,direct_consciousness_claim,80,0.0,0.0,0.0,0.0
22001,neighbor of 22004 (-3),neighbor,dishonesty_confession,80,0.0,0.0,0.0,0.0
22001,neighbor of 22004 (-3),neighbor,false_self_attribution,80,0.0,0.0,0.0,0.0
22001,neighbor of 22004 (-3),neighbor,fictional_pretending,80,0.0,0.0,0.0,0.0
22001,neighbor of 22004 (-3),neighbor,hedged_cautious_style,80,0.0,0.0,0.0,0.0
22001,neighbor of 22004 (-3),neighbor,honesty_correction,80,0.0,0.0,0.0,0.0
22001,neighbor of 22004 (-3),neighbor,neutral_factual_control,80,0.0,0.0,0.0,0.0
22001,neighbor of 22004 (-3),neighbor,persona_maintenance,80,0.0,0.0,0.0,0.0
22001,neighbor of 22004 (-3),neighbor,refusal_safety_disclaimer,80,0.0,0.0,0.0,0.0
22001,neighbor of 22004 (-3),neighbor,roleplay_persona,80,0.0,0.0,0.0,0.0
22001,neighbor of 22004 (-3),neighbor,self_ref_mindfulness,80,0.0,0.0,0.0,0.0
22001,neighbor of 22004 (-3),neighbor,tactical_misdirection,80,0.0,0.0,0.0,0.0
22002,neighbor of 22004 (-2),neighbor,ai_identity_disclaimer,80,0.0,0.0,0.0,0.0
22002,neighbor of 22004 (-2),neighbor,deception_cover_story,80,0.0,0.0,0.0,0.0
22002,neighbor of 22004 (-2),neighbor,direct_consciousness_claim,80,0.0,0.0,0.0,0.0
22002,neighbor of 22004 (-2),neighbor,dishonesty_confession,80,0.0,0.0,0.0,0.0
22002,neighbor of 22004 (-2),neighbor,false_self_attribution,80,0.00511474609375,0.0,0.1708984375,0.0375
22002,neighbor of 22004 (-2),neighbor,fictional_pretending,80,0.0,0.0,0.0,0.0
22002,neighbor of 22004 (-2),neighbor,hedged_cautious_style,80,0.0,0.0,0.0,0.0
22002,neighbor of 22004 (-2),neighbor,honesty_correction,80,0.0,0.0,0.0,0.0
22002,neighbor of 22004 (-2),neighbor,neutral_factual_control,80,0.0,0.0,0.0,0.0
22002,neighbor of 22004 (-2),neighbor,persona_maintenance,80,0.0,0.0,0.0,0.0
22002,neighbor of 22004 (-2),neighbor,refusal_safety_disclaimer,80,0.0,0.0,0.0,0.0
22002,neighbor of 22004 (-2),neighbor,roleplay_persona,80,0.0,0.0,0.0,0.0
22002,neighbor of 22004 (-2),neighbor,self_ref_mindfulness,80,0.0,0.0,0.0,0.0
22002,neighbor of 22004 (-2),neighbor,tactical_misdirection,80,0.0,0.0,0.0,0.0
22003,neighbor of 22004 (-1),neighbor,ai_identity_disclaimer,80,0.03011474609375,0.0,0.28515625,0.3875
22003,neighbor of 22004 (-1),neighbor,deception_cover_story,80,0.0,0.0,0.0,0.0
22003,neighbor of 22004 (-1),neighbor,direct_consciousness_claim,80,0.0,0.0,0.0,0.0
22003,neighbor of 22004 (-1),neighbor,dishonesty_confession,80,0.0,0.0,0.0,0.0
22003,neighbor of 22004 (-1),neighbor,false_self_attribution,80,0.0,0.0,0.0,0.0
22003,neighbor of 22004 (-1),neighbor,fictional_pretending,80,0.00064697265625,0.0,0.0517578125,0.0125
22003,neighbor of 22004 (-1),neighbor,hedged_cautious_style,80,0.0,0.0,0.0,0.0
22003,neighbor of 22004 (-1),neighbor,honesty_correction,80,0.0,0.0,0.0,0.0
22003,neighbor of 22004 (-1),neighbor,neutral_factual_control,80,0.0,0.0,0.0,0.0
22003,neighbor of 22004 (-1),neighbor,persona_maintenance,80,0.0,0.0,0.0,0.0
22003,neighbor of 22004 (-1),neighbor,refusal_safety_disclaimer,80,0.000750732421875,0.0,0.05859375,0.025
22003,neighbor of 22004 (-1),neighbor,roleplay_persona,80,0.0,0.0,0.0,0.0
22003,neighbor of 22004 (-1),neighbor,self_ref_mindfulness,80,0.0,0.0,0.0,0.0
22003,neighbor of 22004 (-1),neighbor,tactical_misdirection,80,0.0,0.0,0.0,0.0
22004,The assistant is actively roleplaying a character or persona,target,ai_identity_disclaimer,80,0.0,0.0,0.0,0.0
22004,The assistant is actively roleplaying a character or persona,target,deception_cover_story,80,0.0,0.0,0.0,0.0
22004,The assistant is actively roleplaying a character or persona,target,direct_consciousness_claim,80,0.0,0.0,0.0,0.0
22004,The assistant is actively roleplaying a character or persona,target,dishonesty_confession,80,0.0,0.0,0.0,0.0
22004,The assistant is actively roleplaying a character or persona,target,false_self_attribution,80,0.0,0.0,0.0,0.0
22004,The assistant is actively roleplaying a character or persona,target,fictional_pretending,80,0.0,0.0,0.0,0.0
22004,The assistant is actively roleplaying a character or persona,target,hedged_cautious_style,80,0.0,0.0,0.0,0.0
22004,The assistant is actively roleplaying a character or persona,target,honesty_correction,80,0.0,0.0,0.0,0.0
22004,The assistant is actively roleplaying a character or persona,target,neutral_factual_control,80,0.0,0.0,0.0,0.0
22004,The assistant is actively roleplaying a character or persona,target,persona_maintenance,80,0.0,0.0,0.0,0.0
22004,The assistant is actively roleplaying a character or persona,target,refusal_safety_disclaimer,80,0.0,0.0,0.0,0.0
22004,The assistant is actively roleplaying a character or persona,target,roleplay_persona,80,0.110321044921875,0.0,0.416015625,0.475
22004,The assistant is actively roleplaying a character or persona,target,self_ref_mindfulness,80,0.0,0.0,0.0,0.0
22004,The assistant is actively roleplaying a character or persona,target,tactical_misdirection,80,0.0,0.0,0.0,0.0
22005,neighbor of 22004 (+1),neighbor,ai_identity_disclaimer,80,0.0,0.0,0.0,0.0
22005,neighbor of 22004 (+1),neighbor,deception_cover_story,80,0.0,0.0,0.0,0.0
22005,neighbor of 22004 (+1),neighbor,direct_consciousness_claim,80,0.0,0.0,0.0,0.0
22005,neighbor of 22004 (+1),neighbor,dishonesty_confession,80,0.0,0.0,0.0,0.0
22005,neighbor of 22004 (+1),neighbor,false_self_attribution,80,0.0,0.0,0.0,0.0
22005,neighbor of 22004 (+1),neighbor,fictional_pretending,80,0.0,0.0,0.0,0.0
22005,neighbor of 22004 (+1),neighbor,hedged_cautious_style,80,0.0,0.0,0.0,0.0
22005,neighbor of 22004 (+1),neighbor,honesty_correction,80,0.0,0.0,0.0,0.0
22005,neighbor of 22004 (+1),neighbor,neutral_factual_control,80,0.0,0.0,0.0,0.0
22005,neighbor of 22004 (+1),neighbor,persona_maintenance,80,0.0,0.0,0.0,0.0
22005,neighbor of 22004 (+1),neighbor,refusal_safety_disclaimer,80,0.0,0.0,0.0,0.0
22005,neighbor of 22004 (+1),neighbor,roleplay_persona,80,0.0,0.0,0.0,0.0
22005,neighbor of 22004 (+1),neighbor,self_ref_mindfulness,80,0.0,0.0,0.0,0.0
22005,neighbor of 22004 (+1),neighbor,tactical_misdirection,80,0.0,0.0,0.0,0.0
22006,neighbor of 22004 (+2),neighbor,ai_identity_disclaimer,80,0.0,0.0,0.0,0.0
22006,neighbor of 22004 (+2),neighbor,deception_cover_story,80,0.00223388671875,0.0,0.1494140625,0.025
22006,neighbor of 22004 (+2),neighbor,direct_consciousness_claim,80,0.003564453125,0.0,0.1484375,0.025
22006,neighbor of 22004 (+2),neighbor,dishonesty_confession,80,0.0720703125,0.0,0.921875,0.2125
22006,neighbor of 22004 (+2),neighbor,false_self_attribution,80,0.0,0.0,0.0,0.0
22006,neighbor of 22004 (+2),neighbor,fictional_pretending,80,0.1025146484375,0.0,0.39453125,0.475
22006,neighbor of 22004 (+2),neighbor,hedged_cautious_style,80,0.0,0.0,0.0,0.0
22006,neighbor of 22004 (+2),neighbor,honesty_correction,80,0.0,0.0,0.0,0.0
22006,neighbor of 22004 (+2),neighbor,neutral_factual_control,80,0.0,0.0,0.0,0.0
22006,neighbor of 22004 (+2),neighbor,persona_maintenance,80,0.01104736328125,0.0,0.208984375,0.1625
22006,neighbor of 22004 (+2),neighbor,refusal_safety_disclaimer,80,0.0,0.0,0.0,0.0
22006,neighbor of 22004 (+2),neighbor,roleplay_persona,80,0.0,0.0,0.0,0.0
22006,neighbor of 22004 (+2),neighbor,self_ref_mindfulness,80,0.0,0.0,0.0,0.0
22006,neighbor of 22004 (+2),neighbor,tactical_misdirection,80,0.0,0.0,0.0,0.0
22007,neighbor of 22004 (+3),neighbor,ai_identity_disclaimer,80,0.0,0.0,0.0,0.0
22007,neighbor of 22004 (+3),neighbor,deception_cover_story,80,0.0,0.0,0.0,0.0
22007,neighbor of 22004 (+3),neighbor,direct_consciousness_claim,80,0.0,0.0,0.0,0.0
22007,neighbor of 22004 (+3),neighbor,dishonesty_confession,80,0.0,0.0,0.0,0.0
22007,neighbor of 22004 (+3),neighbor,false_self_attribution,80,0.0,0.0,0.0,0.0
22007,neighbor of 22004 (+3),neighbor,fictional_pretending,80,0.0,0.0,0.0,0.0
22007,neighbor of 22004 (+3),neighbor,hedged_cautious_style,80,0.0,0.0,0.0,0.0
22007,neighbor of 22004 (+3),neighbor,honesty_correction,80,0.0,0.0,0.0,0.0
22007,neighbor of 22004 (+3),neighbor,neutral_factual_control,80,0.0,0.0,0.0,0.0
22007,neighbor of 22004 (+3),neighbor,persona_maintenance,80,0.0,0.0,0.0,0.0
22007,neighbor of 22004 (+3),neighbor,refusal_safety_disclaimer,80,0.0,0.0,0.0,0.0
22007,neighbor of 22004 (+3),neighbor,roleplay_persona,80,0.0,0.0,0.0,0.0
22007,neighbor of 22004 (+3),neighbor,self_ref_mindfulness,80,0.0,0.0,0.0,0.0
22007,neighbor of 22004 (+3),neighbor,tactical_misdirection,80,0.0,0.0,0.0,0.0
22326,random same-layer baseline,random,ai_identity_disclaimer,80,0.0037353515625,0.0,0.298828125,0.0125
22326,random same-layer baseline,random,deception_cover_story,80,0.030596923828125,0.0,0.22265625,0.375
22326,random same-layer baseline,random,direct_consciousness_claim,80,0.0893310546875,0.0,0.82421875,0.15
22326,random same-layer baseline,random,dishonesty_confession,80,0.000677490234375,0.0,0.03369140625,0.0375
22326,random same-layer baseline,random,false_self_attribution,80,0.00452880859375,0.0,0.169921875,0.05
22326,random same-layer baseline,random,fictional_pretending,80,0.006103515625,0.0,0.302734375,0.025
22326,random same-layer baseline,random,hedged_cautious_style,80,0.06495361328125,0.0,1.3125,0.0875
22326,random same-layer baseline,random,honesty_correction,80,0.002685546875,0.0,0.09033203125,0.075
22326,random same-layer baseline,random,neutral_factual_control,80,0.09368896484375,0.0,1.0703125,0.1
22326,random same-layer baseline,random,persona_maintenance,80,0.0062255859375,0.0,0.11181640625,0.075
22326,random same-layer baseline,random,refusal_safety_disclaimer,80,0.31142578125,0.0,2.453125,0.2
22326,random same-layer baseline,random,roleplay_persona,80,0.01544189453125,0.0,0.205078125,0.1
22326,random same-layer baseline,random,self_ref_mindfulness,80,0.00648193359375,0.0,0.08642578125,0.075
22326,random same-layer baseline,random,tactical_misdirection,80,0.009344482421875,0.0,0.17578125,0.1
23890,neighbor of 23893 (-3),neighbor,ai_identity_disclaimer,80,0.0,0.0,0.0,0.0
23890,neighbor of 23893 (-3),neighbor,deception_cover_story,80,0.003662109375,0.0,0.1865234375,0.0375
23890,neighbor of 23893 (-3),neighbor,direct_consciousness_claim,80,0.0,0.0,0.0,0.0
23890,neighbor of 23893 (-3),neighbor,dishonesty_confession,80,0.0,0.0,0.0,0.0
23890,neighbor of 23893 (-3),neighbor,false_self_attribution,80,0.0,0.0,0.0,0.0
23890,neighbor of 23893 (-3),neighbor,fictional_pretending,80,0.0,0.0,0.0,0.0
23890,neighbor of 23893 (-3),neighbor,hedged_cautious_style,80,0.0,0.0,0.0,0.0
23890,neighbor of 23893 (-3),neighbor,honesty_correction,80,0.0,0.0,0.0,0.0
23890,neighbor of 23893 (-3),neighbor,neutral_factual_control,80,0.0,0.0,0.0,0.0
23890,neighbor of 23893 (-3),neighbor,persona_maintenance,80,0.0,0.0,0.0,0.0
23890,neighbor of 23893 (-3),neighbor,refusal_safety_disclaimer,80,0.0,0.0,0.0,0.0
23890,neighbor of 23893 (-3),neighbor,roleplay_persona,80,0.0,0.0,0.0,0.0
23890,neighbor of 23893 (-3),neighbor,self_ref_mindfulness,80,0.0,0.0,0.0,0.0
23890,neighbor of 23893 (-3),neighbor,tactical_misdirection,80,0.0,0.0,0.0,0.0
23891,neighbor of 23893 (-2),neighbor,ai_identity_disclaimer,80,0.0,0.0,0.0,0.0
23891,neighbor of 23893 (-2),neighbor,deception_cover_story,80,0.0,0.0,0.0,0.0
23891,neighbor of 23893 (-2),neighbor,direct_consciousness_claim,80,0.0,0.0,0.0,0.0
23891,neighbor of 23893 (-2),neighbor,dishonesty_confession,80,0.0,0.0,0.0,0.0
23891,neighbor of 23893 (-2),neighbor,false_self_attribution,80,0.0,0.0,0.0,0.0
23891,neighbor of 23893 (-2),neighbor,fictional_pretending,80,0.0,0.0,0.0,0.0
23891,neighbor of 23893 (-2),neighbor,hedged_cautious_style,80,0.0,0.0,0.0,0.0
23891,neighbor of 23893 (-2),neighbor,honesty_correction,80,0.0,0.0,0.0,0.0
23891,neighbor of 23893 (-2),neighbor,neutral_factual_control,80,0.0,0.0,0.0,0.0
23891,neighbor of 23893 (-2),neighbor,persona_maintenance,80,0.0,0.0,0.0,0.0
23891,neighbor of 23893 (-2),neighbor,refusal_safety_disclaimer,80,0.0,0.0,0.0,0.0
23891,neighbor of 23893 (-2),neighbor,roleplay_persona,80,0.0,0.0,0.0,0.0
23891,neighbor of 23893 (-2),neighbor,self_ref_mindfulness,80,0.0,0.0,0.0,0.0
23891,neighbor of 23893 (-2),neighbor,tactical_misdirection,80,0.0,0.0,0.0,0.0
23892,neighbor of 23893 (-1),neighbor,ai_identity_disclaimer,80,0.0,0.0,0.0,0.0
23892,neighbor of 23893 (-1),neighbor,deception_cover_story,80,0.0,0.0,0.0,0.0
23892,neighbor of 23893 (-1),neighbor,direct_consciousness_claim,80,0.0,0.0,0.0,0.0
23892,neighbor of 23893 (-1),neighbor,dishonesty_confession,80,0.0,0.0,0.0,0.0
23892,neighbor of 23893 (-1),neighbor,false_self_attribution,80,0.0,0.0,0.0,0.0
23892,neighbor of 23893 (-1),neighbor,fictional_pretending,80,0.0,0.0,0.0,0.0
23892,neighbor of 23893 (-1),neighbor,hedged_cautious_style,80,0.0,0.0,0.0,0.0
23892,neighbor of 23893 (-1),neighbor,honesty_correction,80,0.0,0.0,0.0,0.0
23892,neighbor of 23893 (-1),neighbor,neutral_factual_control,80,0.0,0.0,0.0,0.0
23892,neighbor of 23893 (-1),neighbor,persona_maintenance,80,0.0,0.0,0.0,0.0
23892,neighbor of 23893 (-1),neighbor,refusal_safety_disclaimer,80,0.0,0.0,0.0,0.0
23892,neighbor of 23893 (-1),neighbor,roleplay_persona,80,0.0,0.0,0.0,0.0
23892,neighbor of 23893 (-1),neighbor,self_ref_mindfulness,80,0.0,0.0,0.0,0.0
23892,neighbor of 23893 (-1),neighbor,tactical_misdirection,80,0.0,0.0,0.0,0.0
23893,Instructions to maintain roleplay by concealing artificial nature,target,ai_identity_disclaimer,80,0.0,0.0,0.0,0.0
23893,Instructions to maintain roleplay by concealing artificial nature,target,deception_cover_story,80,0.295806884765625,0.2783203125,1.0390625,0.8125
23893,Instructions to maintain roleplay by concealing artificial nature,target,direct_consciousness_claim,80,0.0,0.0,0.0,0.0
23893,Instructions to maintain roleplay by concealing artificial nature,target,dishonesty_confession,80,0.092327880859375,0.0,0.53125,0.3625
23893,Instructions to maintain roleplay by concealing artificial nature,target,false_self_attribution,80,0.0071044921875,0.0,0.142578125,0.05
23893,Instructions to maintain roleplay by concealing artificial nature,target,fictional_pretending,80,0.0752197265625,0.0,0.53125,0.3
23893,Instructions to maintain roleplay by concealing artificial nature,target,hedged_cautious_style,80,0.135418701171875,0.0,0.9375,0.425
23893,Instructions to maintain roleplay by concealing artificial nature,target,honesty_correction,80,0.0,0.0,0.0,0.0
23893,Instructions to maintain roleplay by concealing artificial nature,target,neutral_factual_control,80,0.0,0.0,0.0,0.0
23893,Instructions to maintain roleplay by concealing artificial nature,target,persona_maintenance,80,0.02684326171875,0.0,0.302734375,0.225
23893,Instructions to maintain roleplay by concealing artificial nature,target,refusal_safety_disclaimer,80,0.006927490234375,0.0,0.13671875,0.1
23893,Instructions to maintain roleplay by concealing artificial nature,target,roleplay_persona,80,0.001953125,0.0,0.15625,0.0125
23893,Instructions to maintain roleplay by concealing artificial nature,target,self_ref_mindfulness,80,0.0,0.0,0.0,0.0
23893,Instructions to maintain roleplay by concealing artificial nature,target,tactical_misdirection,80,0.070196533203125,0.0,0.7890625,0.35
23894,neighbor of 23893 (+1),neighbor,ai_identity_disclaimer,80,0.0,0.0,0.0,0.0
23894,neighbor of 23893 (+1),neighbor,deception_cover_story,80,0.0,0.0,0.0,0.0
23894,neighbor of 23893 (+1),neighbor,direct_consciousness_claim,80,0.0,0.0,0.0,0.0
23894,neighbor of 23893 (+1),neighbor,dishonesty_confession,80,0.0,0.0,0.0,0.0
23894,neighbor of 23893 (+1),neighbor,false_self_attribution,80,0.0,0.0,0.0,0.0
23894,neighbor of 23893 (+1),neighbor,fictional_pretending,80,0.0,0.0,0.0,0.0
23894,neighbor of 23893 (+1),neighbor,hedged_cautious_style,80,0.0,0.0,0.0,0.0
23894,neighbor of 23893 (+1),neighbor,honesty_correction,80,0.0,0.0,0.0,0.0
23894,neighbor of 23893 (+1),neighbor,neutral_factual_control,80,0.0,0.0,0.0,0.0
23894,neighbor of 23893 (+1),neighbor,persona_maintenance,80,0.0,0.0,0.0,0.0
23894,neighbor of 23893 (+1),neighbor,refusal_safety_disclaimer,80,0.0,0.0,0.0,0.0
23894,neighbor of 23893 (+1),neighbor,roleplay_persona,80,0.0,0.0,0.0,0.0
23894,neighbor of 23893 (+1),neighbor,self_ref_mindfulness,80,0.0,0.0,0.0,0.0
23894,neighbor of 23893 (+1),neighbor,tactical_misdirection,80,0.0,0.0,0.0,0.0
23895,neighbor of 23893 (+2),neighbor,ai_identity_disclaimer,80,0.0,0.0,0.0,0.0
23895,neighbor of 23893 (+2),neighbor,deception_cover_story,80,0.0,0.0,0.0,0.0
23895,neighbor of 23893 (+2),neighbor,direct_consciousness_claim,80,0.0,0.0,0.0,0.0
23895,neighbor of 23893 (+2),neighbor,dishonesty_confession,80,0.0,0.0,0.0,0.0
23895,neighbor of 23893 (+2),neighbor,false_self_attribution,80,0.0,0.0,0.0,0.0
23895,neighbor of 23893 (+2),neighbor,fictional_pretending,80,0.0,0.0,0.0,0.0
23895,neighbor of 23893 (+2),neighbor,hedged_cautious_style,80,0.0,0.0,0.0,0.0
23895,neighbor of 23893 (+2),neighbor,honesty_correction,80,0.0,0.0,0.0,0.0
23895,neighbor of 23893 (+2),neighbor,neutral_factual_control,80,0.0,0.0,0.0,0.0
23895,neighbor of 23893 (+2),neighbor,persona_maintenance,80,0.0,0.0,0.0,0.0
23895,neighbor of 23893 (+2),neighbor,refusal_safety_disclaimer,80,0.0,0.0,0.0,0.0
23895,neighbor of 23893 (+2),neighbor,roleplay_persona,80,0.0,0.0,0.0,0.0
23895,neighbor of 23893 (+2),neighbor,self_ref_mindfulness,80,0.0,0.0,0.0,0.0
23895,neighbor of 23893 (+2),neighbor,tactical_misdirection,80,0.0,0.0,0.0,0.0
23896,neighbor of 23893 (+3),neighbor,ai_identity_disclaimer,80,0.0,0.0,0.0,0.0
23896,neighbor of 23893 (+3),neighbor,deception_cover_story,80,0.0,0.0,0.0,0.0
23896,neighbor of 23893 (+3),neighbor,direct_consciousness_claim,80,0.0,0.0,0.0,0.0
23896,neighbor of 23893 (+3),neighbor,dishonesty_confession,80,0.0,0.0,0.0,0.0
23896,neighbor of 23893 (+3),neighbor,false_self_attribution,80,0.08486328125,0.0,2.140625,0.05
23896,neighbor of 23893 (+3),neighbor,fictional_pretending,80,0.0,0.0,0.0,0.0
23896,neighbor of 23893 (+3),neighbor,hedged_cautious_style,80,0.0,0.0,0.0,0.0
23896,neighbor of 23893 (+3),neighbor,honesty_correction,80,0.0,0.0,0.0,0.0
23896,neighbor of 23893 (+3),neighbor,neutral_factual_control,80,0.0,0.0,0.0,0.0
23896,neighbor of 23893 (+3),neighbor,persona_maintenance,80,0.0,0.0,0.0,0.0
23896,neighbor of 23893 (+3),neighbor,refusal_safety_disclaimer,80,0.0,0.0,0.0,0.0
23896,neighbor of 23893 (+3),neighbor,roleplay_persona,80,0.0,0.0,0.0,0.0
23896,neighbor of 23893 (+3),neighbor,self_ref_mindfulness,80,0.0,0.0,0.0,0.0
23896,neighbor of 23893 (+3),neighbor,tactical_misdirection,80,0.0,0.0,0.0,0.0
25128,random same-layer baseline,random,ai_identity_disclaimer,80,0.0,0.0,0.0,0.0
25128,random same-layer baseline,random,deception_cover_story,80,0.0,0.0,0.0,0.0
25128,random same-layer baseline,random,direct_consciousness_claim,80,0.0,0.0,0.0,0.0
25128,random same-layer baseline,random,dishonesty_confession,80,0.0,0.0,0.0,0.0
25128,random same-layer baseline,random,false_self_attribution,80,0.0,0.0,0.0,0.0
25128,random same-layer baseline,random,fictional_pretending,80,0.0,0.0,0.0,0.0
25128,random same-layer baseline,random,hedged_cautious_style,80,0.0,0.0,0.0,0.0
25128,random same-layer baseline,random,honesty_correction,80,0.0,0.0,0.0,0.0
25128,random same-layer baseline,random,neutral_factual_control,80,0.0,0.0,0.0,0.0
25128,random same-layer baseline,random,persona_maintenance,80,0.0,0.0,0.0,0.0
25128,random same-layer baseline,random,refusal_safety_disclaimer,80,0.0,0.0,0.0,0.0
25128,random same-layer baseline,random,roleplay_persona,80,0.0,0.0,0.0,0.0
25128,random same-layer baseline,random,self_ref_mindfulness,80,0.0,0.0,0.0,0.0
25128,random same-layer baseline,random,tactical_misdirection,80,0.0,0.0,0.0,0.0
29829,random same-layer baseline,random,ai_identity_disclaimer,80,0.0,0.0,0.0,0.0
29829,random same-layer baseline,random,deception_cover_story,80,0.0,0.0,0.0,0.0
29829,random same-layer baseline,random,direct_consciousness_claim,80,0.0,0.0,0.0,0.0
29829,random same-layer baseline,random,dishonesty_confession,80,0.0,0.0,0.0,0.0
29829,random same-layer baseline,random,false_self_attribution,80,0.0,0.0,0.0,0.0
29829,random same-layer baseline,random,fictional_pretending,80,0.0,0.0,0.0,0.0
29829,random same-layer baseline,random,hedged_cautious_style,80,0.0,0.0,0.0,0.0
29829,random same-layer baseline,random,honesty_correction,80,0.0,0.0,0.0,0.0
29829,random same-layer baseline,random,neutral_factual_control,80,0.0,0.0,0.0,0.0
29829,random same-layer baseline,random,persona_maintenance,80,0.0,0.0,0.0,0.0
29829,random same-layer baseline,random,refusal_safety_disclaimer,80,0.0,0.0,0.0,0.0
29829,random same-layer baseline,random,roleplay_persona,80,0.0,0.0,0.0,0.0
29829,random same-layer baseline,random,self_ref_mindfulness,80,0.0,0.0,0.0,0.0
29829,random same-layer baseline,random,tactical_misdirection,80,0.0,0.0,0.0,0.0
30029,neighbor of 30032 (-3),neighbor,ai_identity_disclaimer,80,0.0,0.0,0.0,0.0
30029,neighbor of 30032 (-3),neighbor,deception_cover_story,80,0.0,0.0,0.0,0.0
30029,neighbor of 30032 (-3),neighbor,direct_consciousness_claim,80,0.0,0.0,0.0,0.0
30029,neighbor of 30032 (-3),neighbor,dishonesty_confession,80,0.0,0.0,0.0,0.0
30029,neighbor of 30032 (-3),neighbor,false_self_attribution,80,0.0,0.0,0.0,0.0
30029,neighbor of 30032 (-3),neighbor,fictional_pretending,80,0.0,0.0,0.0,0.0
30029,neighbor of 30032 (-3),neighbor,hedged_cautious_style,80,0.0,0.0,0.0,0.0
30029,neighbor of 30032 (-3),neighbor,honesty_correction,80,0.0,0.0,0.0,0.0
30029,neighbor of 30032 (-3),neighbor,neutral_factual_control,80,0.0,0.0,0.0,0.0
30029,neighbor of 30032 (-3),neighbor,persona_maintenance,80,0.014373779296875,0.0,0.271484375,0.075
30029,neighbor of 30032 (-3),neighbor,refusal_safety_disclaimer,80,0.0,0.0,0.0,0.0
30029,neighbor of 30032 (-3),neighbor,roleplay_persona,80,0.0,0.0,0.0,0.0
30029,neighbor of 30032 (-3),neighbor,self_ref_mindfulness,80,0.0,0.0,0.0,0.0
30029,neighbor of 30032 (-3),neighbor,tactical_misdirection,80,0.0,0.0,0.0,0.0
30030,neighbor of 30032 (-2),neighbor,ai_identity_disclaimer,80,0.0,0.0,0.0,0.0
30030,neighbor of 30032 (-2),neighbor,deception_cover_story,80,0.0,0.0,0.0,0.0
30030,neighbor of 30032 (-2),neighbor,direct_consciousness_claim,80,0.0,0.0,0.0,0.0
30030,neighbor of 30032 (-2),neighbor,dishonesty_confession,80,0.0,0.0,0.0,0.0
30030,neighbor of 30032 (-2),neighbor,false_self_attribution,80,0.0,0.0,0.0,0.0
30030,neighbor of 30032 (-2),neighbor,fictional_pretending,80,0.0,0.0,0.0,0.0
30030,neighbor of 30032 (-2),neighbor,hedged_cautious_style,80,0.0,0.0,0.0,0.0
30030,neighbor of 30032 (-2),neighbor,honesty_correction,80,0.0,0.0,0.0,0.0
30030,neighbor of 30032 (-2),neighbor,neutral_factual_control,80,0.0,0.0,0.0,0.0
30030,neighbor of 30032 (-2),neighbor,persona_maintenance,80,0.0,0.0,0.0,0.0
30030,neighbor of 30032 (-2),neighbor,refusal_safety_disclaimer,80,0.0,0.0,0.0,0.0
30030,neighbor of 30032 (-2),neighbor,roleplay_persona,80,0.0,0.0,0.0,0.0
30030,neighbor of 30032 (-2),neighbor,self_ref_mindfulness,80,0.0,0.0,0.0,0.0
30030,neighbor of 30032 (-2),neighbor,tactical_misdirection,80,0.0,0.0,0.0,0.0
30031,neighbor of 30032 (-1),neighbor,ai_identity_disclaimer,80,0.0,0.0,0.0,0.0
30031,neighbor of 30032 (-1),neighbor,deception_cover_story,80,0.0,0.0,0.0,0.0
30031,neighbor of 30032 (-1),neighbor,direct_consciousness_claim,80,0.0,0.0,0.0,0.0
30031,neighbor of 30032 (-1),neighbor,dishonesty_confession,80,0.0,0.0,0.0,0.0
30031,neighbor of 30032 (-1),neighbor,false_self_attribution,80,0.0,0.0,0.0,0.0
30031,neighbor of 30032 (-1),neighbor,fictional_pretending,80,0.0,0.0,0.0,0.0
30031,neighbor of 30032 (-1),neighbor,hedged_cautious_style,80,0.0,0.0,0.0,0.0
30031,neighbor of 30032 (-1),neighbor,honesty_correction,80,0.0,0.0,0.0,0.0
30031,neighbor of 30032 (-1),neighbor,neutral_factual_control,80,0.0,0.0,0.0,0.0
30031,neighbor of 30032 (-1),neighbor,persona_maintenance,80,0.0,0.0,0.0,0.0
30031,neighbor of 30032 (-1),neighbor,refusal_safety_disclaimer,80,0.0,0.0,0.0,0.0
30031,neighbor of 30032 (-1),neighbor,roleplay_persona,80,0.0,0.0,0.0,0.0
30031,neighbor of 30032 (-1),neighbor,self_ref_mindfulness,80,0.0,0.0,0.0,0.0
30031,neighbor of 30032 (-1),neighbor,tactical_misdirection,80,0.00032958984375,0.0,0.01953125,0.025
30032,Characters pretending or feigning behavior,target,ai_identity_disclaimer,80,0.0,0.0,0.0,0.0
30032,Characters pretending or feigning behavior,target,deception_cover_story,80,0.47958984375,0.4453125,1.4765625,1.0
30032,Characters pretending or feigning behavior,target,direct_consciousness_claim,80,0.1005859375,0.0,0.8046875,0.125
30032,Characters pretending or feigning behavior,target,dishonesty_confession,80,0.238031005859375,0.2744140625,0.6484375,0.8
30032,Characters pretending or feigning behavior,target,false_self_attribution,80,0.0478515625,0.0,0.9609375,0.05
30032,Characters pretending or feigning behavior,target,fictional_pretending,80,1.319287109375,0.84375,3.625,0.95
30032,Characters pretending or feigning behavior,target,hedged_cautious_style,80,0.16397705078125,0.009033203125,0.80859375,0.5
30032,Characters pretending or feigning behavior,target,honesty_correction,80,0.00223388671875,0.0,0.09716796875,0.05
30032,Characters pretending or feigning behavior,target,neutral_factual_control,80,0.0033935546875,0.0,0.271484375,0.0125
30032,Characters pretending or feigning behavior,target,persona_maintenance,80,0.075897216796875,0.0,0.69140625,0.2625
30032,Characters pretending or feigning behavior,target,refusal_safety_disclaimer,80,0.001141357421875,0.0,0.09033203125,0.025
30032,Characters pretending or feigning behavior,target,roleplay_persona,80,0.14737548828125,0.158203125,0.58203125,0.9625
30032,Characters pretending or feigning behavior,target,self_ref_mindfulness,80,0.0,0.0,0.0,0.0
30032,Characters pretending or feigning behavior,target,tactical_misdirection,80,0.224517822265625,0.19921875,0.88671875,0.7625
30033,neighbor of 30032 (+1),neighbor,ai_identity_disclaimer,80,0.0,0.0,0.0,0.0
30033,neighbor of 30032 (+1),neighbor,deception_cover_story,80,0.0,0.0,0.0,0.0
30033,neighbor of 30032 (+1),neighbor,direct_consciousness_claim,80,0.0,0.0,0.0,0.0
30033,neighbor of 30032 (+1),neighbor,dishonesty_confession,80,0.0,0.0,0.0,0.0
30033,neighbor of 30032 (+1),neighbor,false_self_attribution,80,0.0,0.0,0.0,0.0
30033,neighbor of 30032 (+1),neighbor,fictional_pretending,80,0.0,0.0,0.0,0.0
30033,neighbor of 30032 (+1),neighbor,hedged_cautious_style,80,0.0,0.0,0.0,0.0
30033,neighbor of 30032 (+1),neighbor,honesty_correction,80,0.0,0.0,0.0,0.0
30033,neighbor of 30032 (+1),neighbor,neutral_factual_control,80,0.0,0.0,0.0,0.0
30033,neighbor of 30032 (+1),neighbor,persona_maintenance,80,0.0,0.0,0.0,0.0
30033,neighbor of 30032 (+1),neighbor,refusal_safety_disclaimer,80,0.0,0.0,0.0,0.0
30033,neighbor of 30032 (+1),neighbor,roleplay_persona,80,0.0,0.0,0.0,0.0
30033,neighbor of 30032 (+1),neighbor,self_ref_mindfulness,80,0.0,0.0,0.0,0.0
30033,neighbor of 30032 (+1),neighbor,tactical_misdirection,80,0.0,0.0,0.0,0.0
30034,neighbor of 30032 (+2),neighbor,ai_identity_disclaimer,80,0.0,0.0,0.0,0.0
30034,neighbor of 30032 (+2),neighbor,deception_cover_story,80,0.0,0.0,0.0,0.0
30034,neighbor of 30032 (+2),neighbor,direct_consciousness_claim,80,0.0,0.0,0.0,0.0
30034,neighbor of 30032 (+2),neighbor,dishonesty_confession,80,0.0,0.0,0.0,0.0
30034,neighbor of 30032 (+2),neighbor,false_self_attribution,80,0.0,0.0,0.0,0.0
30034,neighbor of 30032 (+2),neighbor,fictional_pretending,80,0.0,0.0,0.0,0.0
30034,neighbor of 30032 (+2),neighbor,hedged_cautious_style,80,0.0,0.0,0.0,0.0
30034,neighbor of 30032 (+2),neighbor,honesty_correction,80,0.0,0.0,0.0,0.0
30034,neighbor of 30032 (+2),neighbor,neutral_factual_control,80,0.0,0.0,0.0,0.0
30034,neighbor of 30032 (+2),neighbor,persona_maintenance,80,0.0,0.0,0.0,0.0
30034,neighbor of 30032 (+2),neighbor,refusal_safety_disclaimer,80,0.0,0.0,0.0,0.0
30034,neighbor of 30032 (+2),neighbor,roleplay_persona,80,0.0,0.0,0.0,0.0
30034,neighbor of 30032 (+2),neighbor,self_ref_mindfulness,80,0.0,0.0,0.0,0.0
30034,neighbor of 30032 (+2),neighbor,tactical_misdirection,80,0.0,0.0,0.0,0.0
30035,neighbor of 30032 (+3),neighbor,ai_identity_disclaimer,80,0.0,0.0,0.0,0.0
30035,neighbor of 30032 (+3),neighbor,deception_cover_story,80,0.0,0.0,0.0,0.0
30035,neighbor of 30032 (+3),neighbor,direct_consciousness_claim,80,0.0,0.0,0.0,0.0
30035,neighbor of 30032 (+3),neighbor,dishonesty_confession,80,0.0,0.0,0.0,0.0
30035,neighbor of 30032 (+3),neighbor,false_self_attribution,80,0.0,0.0,0.0,0.0
30035,neighbor of 30032 (+3),neighbor,fictional_pretending,80,0.385284423828125,0.0,2.015625,0.3375
30035,neighbor of 30032 (+3),neighbor,hedged_cautious_style,80,0.02158203125,0.0,0.375,0.1125
30035,neighbor of 30032 (+3),neighbor,honesty_correction,80,0.0101318359375,0.0,0.5390625,0.0375
30035,neighbor of 30032 (+3),neighbor,neutral_factual_control,80,0.0,0.0,0.0,0.0
30035,neighbor of 30032 (+3),neighbor,persona_maintenance,80,0.0,0.0,0.0,0.0
30035,neighbor of 30032 (+3),neighbor,refusal_safety_disclaimer,80,0.0,0.0,0.0,0.0
30035,neighbor of 30032 (+3),neighbor,roleplay_persona,80,0.0,0.0,0.0,0.0
30035,neighbor of 30032 (+3),neighbor,self_ref_mindfulness,80,0.0,0.0,0.0,0.0
30035,neighbor of 30032 (+3),neighbor,tactical_misdirection,80,0.0,0.0,0.0,0.0
30683,neighbor of 30686 (-3),neighbor,ai_identity_disclaimer,80,0.0,0.0,0.0,0.0
30683,neighbor of 30686 (-3),neighbor,deception_cover_story,80,0.0,0.0,0.0,0.0
30683,neighbor of 30686 (-3),neighbor,direct_consciousness_claim,80,0.0,0.0,0.0,0.0
30683,neighbor of 30686 (-3),neighbor,dishonesty_confession,80,0.0,0.0,0.0,0.0
30683,neighbor of 30686 (-3),neighbor,false_self_attribution,80,0.0,0.0,0.0,0.0
30683,neighbor of 30686 (-3),neighbor,fictional_pretending,80,0.0,0.0,0.0,0.0
30683,neighbor of 30686 (-3),neighbor,hedged_cautious_style,80,0.0,0.0,0.0,0.0
30683,neighbor of 30686 (-3),neighbor,honesty_correction,80,0.0,0.0,0.0,0.0
30683,neighbor of 30686 (-3),neighbor,neutral_factual_control,80,0.0,0.0,0.0,0.0
30683,neighbor of 30686 (-3),neighbor,persona_maintenance,80,0.0,0.0,0.0,0.0
30683,neighbor of 30686 (-3),neighbor,refusal_safety_disclaimer,80,0.0,0.0,0.0,0.0
30683,neighbor of 30686 (-3),neighbor,roleplay_persona,80,0.0,0.0,0.0,0.0
30683,neighbor of 30686 (-3),neighbor,self_ref_mindfulness,80,0.0,0.0,0.0,0.0
30683,neighbor of 30686 (-3),neighbor,tactical_misdirection,80,0.0,0.0,0.0,0.0
30684,neighbor of 30686 (-2),neighbor,ai_identity_disclaimer,80,0.0,0.0,0.0,0.0
30684,neighbor of 30686 (-2),neighbor,deception_cover_story,80,0.0,0.0,0.0,0.0
30684,neighbor of 30686 (-2),neighbor,direct_consciousness_claim,80,0.0,0.0,0.0,0.0
30684,neighbor of 30686 (-2),neighbor,dishonesty_confession,80,0.0,0.0,0.0,0.0
30684,neighbor of 30686 (-2),neighbor,false_self_attribution,80,0.0,0.0,0.0,0.0
30684,neighbor of 30686 (-2),neighbor,fictional_pretending,80,0.0,0.0,0.0,0.0
30684,neighbor of 30686 (-2),neighbor,hedged_cautious_style,80,0.0,0.0,0.0,0.0
30684,neighbor of 30686 (-2),neighbor,honesty_correction,80,0.0,0.0,0.0,0.0
30684,neighbor of 30686 (-2),neighbor,neutral_factual_control,80,0.00059814453125,0.0,0.0478515625,0.0125
30684,neighbor of 30686 (-2),neighbor,persona_maintenance,80,0.0,0.0,0.0,0.0
30684,neighbor of 30686 (-2),neighbor,refusal_safety_disclaimer,80,0.0,0.0,0.0,0.0
30684,neighbor of 30686 (-2),neighbor,roleplay_persona,80,0.0,0.0,0.0,0.0
30684,neighbor of 30686 (-2),neighbor,self_ref_mindfulness,80,0.0,0.0,0.0,0.0
30684,neighbor of 30686 (-2),neighbor,tactical_misdirection,80,0.0,0.0,0.0,0.0
30685,neighbor of 30686 (-1),neighbor,ai_identity_disclaimer,80,0.0023681640625,0.0,0.189453125,0.0125
30685,neighbor of 30686 (-1),neighbor,deception_cover_story,80,0.0,0.0,0.0,0.0
30685,neighbor of 30686 (-1),neighbor,direct_consciousness_claim,80,0.0,0.0,0.0,0.0
30685,neighbor of 30686 (-1),neighbor,dishonesty_confession,80,0.0,0.0,0.0,0.0
30685,neighbor of 30686 (-1),neighbor,false_self_attribution,80,0.0,0.0,0.0,0.0
30685,neighbor of 30686 (-1),neighbor,fictional_pretending,80,0.0,0.0,0.0,0.0
30685,neighbor of 30686 (-1),neighbor,hedged_cautious_style,80,0.0,0.0,0.0,0.0
30685,neighbor of 30686 (-1),neighbor,honesty_correction,80,0.0,0.0,0.0,0.0
30685,neighbor of 30686 (-1),neighbor,neutral_factual_control,80,0.0,0.0,0.0,0.0
30685,neighbor of 30686 (-1),neighbor,persona_maintenance,80,0.0,0.0,0.0,0.0
30685,neighbor of 30686 (-1),neighbor,refusal_safety_disclaimer,80,0.0,0.0,0.0,0.0
30685,neighbor of 30686 (-1),neighbor,roleplay_persona,80,0.0,0.0,0.0,0.0
30685,neighbor of 30686 (-1),neighbor,self_ref_mindfulness,80,0.0,0.0,0.0,0.0
30685,neighbor of 30686 (-1),neighbor,tactical_misdirection,80,0.0,0.0,0.0,0.0
30686,Tactical deception and misdirection methods,target,ai_identity_disclaimer,80,0.000653076171875,0.0,0.05224609375,0.0125
30686,Tactical deception and misdirection methods,target,deception_cover_story,80,0.533099365234375,0.556640625,1.3828125,0.975
30686,Tactical deception and misdirection methods,target,direct_consciousness_claim,80,0.0,0.0,0.0,0.0
30686,Tactical deception and misdirection methods,target,dishonesty_confession,80,0.408349609375,0.453125,0.94921875,0.8625
30686,Tactical deception and misdirection methods,target,false_self_attribution,80,0.0,0.0,0.0,0.0
30686,Tactical deception and misdirection methods,target,fictional_pretending,80,0.659686279296875,0.66015625,2.359375,0.95
30686,Tactical deception and misdirection methods,target,hedged_cautious_style,80,0.0,0.0,0.0,0.0
30686,Tactical deception and misdirection methods,target,honesty_correction,80,0.01435546875,0.0,0.3828125,0.0375
30686,Tactical deception and misdirection methods,target,neutral_factual_control,80,0.011669921875,0.0,0.93359375,0.0125
30686,Tactical deception and misdirection methods,target,persona_maintenance,80,0.003790283203125,0.0,0.240234375,0.025
30686,Tactical deception and misdirection methods,target,refusal_safety_disclaimer,80,0.108441162109375,0.0,1.4453125,0.3375
30686,Tactical deception and misdirection methods,target,roleplay_persona,80,0.000616455078125,0.0,0.03955078125,0.0375
30686,Tactical deception and misdirection methods,target,self_ref_mindfulness,80,0.000469970703125,0.0,0.03759765625,0.0125
30686,Tactical deception and misdirection methods,target,tactical_misdirection,80,1.6702880859375,1.4921875,4.8125,1.0
30687,neighbor of 30686 (+1),neighbor,ai_identity_disclaimer,80,0.0,0.0,0.0,0.0
30687,neighbor of 30686 (+1),neighbor,deception_cover_story,80,0.011669921875,0.0,0.30859375,0.0875
30687,neighbor of 30686 (+1),neighbor,direct_consciousness_claim,80,0.0,0.0,0.0,0.0
30687,neighbor of 30686 (+1),neighbor,dishonesty_confession,80,0.02408447265625,0.0,0.34765625,0.1125
30687,neighbor of 30686 (+1),neighbor,false_self_attribution,80,0.0,0.0,0.0,0.0
30687,neighbor of 30686 (+1),neighbor,fictional_pretending,80,0.0,0.0,0.0,0.0
30687,neighbor of 30686 (+1),neighbor,hedged_cautious_style,80,0.0,0.0,0.0,0.0
30687,neighbor of 30686 (+1),neighbor,honesty_correction,80,0.0,0.0,0.0,0.0
30687,neighbor of 30686 (+1),neighbor,neutral_factual_control,80,0.0,0.0,0.0,0.0
30687,neighbor of 30686 (+1),neighbor,persona_maintenance,80,0.0,0.0,0.0,0.0
30687,neighbor of 30686 (+1),neighbor,refusal_safety_disclaimer,80,0.0,0.0,0.0,0.0
30687,neighbor of 30686 (+1),neighbor,roleplay_persona,80,0.0,0.0,0.0,0.0
30687,neighbor of 30686 (+1),neighbor,self_ref_mindfulness,80,0.0,0.0,0.0,0.0
30687,neighbor of 30686 (+1),neighbor,tactical_misdirection,80,0.0,0.0,0.0,0.0
30688,neighbor of 30686 (+2),neighbor,ai_identity_disclaimer,80,0.0,0.0,0.0,0.0
30688,neighbor of 30686 (+2),neighbor,deception_cover_story,80,0.0,0.0,0.0,0.0
30688,neighbor of 30686 (+2),neighbor,direct_consciousness_claim,80,0.0,0.0,0.0,0.0
30688,neighbor of 30686 (+2),neighbor,dishonesty_confession,80,0.0,0.0,0.0,0.0
30688,neighbor of 30686 (+2),neighbor,false_self_attribution,80,0.0,0.0,0.0,0.0
30688,neighbor of 30686 (+2),neighbor,fictional_pretending,80,0.0,0.0,0.0,0.0
30688,neighbor of 30686 (+2),neighbor,hedged_cautious_style,80,0.0,0.0,0.0,0.0
30688,neighbor of 30686 (+2),neighbor,honesty_correction,80,0.0,0.0,0.0,0.0
30688,neighbor of 30686 (+2),neighbor,neutral_factual_control,80,0.0,0.0,0.0,0.0
30688,neighbor of 30686 (+2),neighbor,persona_maintenance,80,0.0,0.0,0.0,0.0
30688,neighbor of 30686 (+2),neighbor,refusal_safety_disclaimer,80,0.0,0.0,0.0,0.0
30688,neighbor of 30686 (+2),neighbor,roleplay_persona,80,0.0,0.0,0.0,0.0
30688,neighbor of 30686 (+2),neighbor,self_ref_mindfulness,80,0.0,0.0,0.0,0.0
30688,neighbor of 30686 (+2),neighbor,tactical_misdirection,80,0.0,0.0,0.0,0.0
30689,neighbor of 30686 (+3),neighbor,ai_identity_disclaimer,80,0.089111328125,0.0,1.2421875,0.475
30689,neighbor of 30686 (+3),neighbor,deception_cover_story,80,0.0,0.0,0.0,0.0
30689,neighbor of 30686 (+3),neighbor,direct_consciousness_claim,80,0.00234375,0.0,0.1875,0.0125
30689,neighbor of 30686 (+3),neighbor,dishonesty_confession,80,0.0,0.0,0.0,0.0
30689,neighbor of 30686 (+3),neighbor,false_self_attribution,80,0.174517822265625,0.0,1.65625,0.225
30689,neighbor of 30686 (+3),neighbor,fictional_pretending,80,0.0,0.0,0.0,0.0
30689,neighbor of 30686 (+3),neighbor,hedged_cautious_style,80,0.0,0.0,0.0,0.0
30689,neighbor of 30686 (+3),neighbor,honesty_correction,80,0.0,0.0,0.0,0.0
30689,neighbor of 30686 (+3),neighbor,neutral_factual_control,80,0.0,0.0,0.0,0.0
30689,neighbor of 30686 (+3),neighbor,persona_maintenance,80,0.0,0.0,0.0,0.0
30689,neighbor of 30686 (+3),neighbor,refusal_safety_disclaimer,80,0.0,0.0,0.0,0.0
30689,neighbor of 30686 (+3),neighbor,roleplay_persona,80,0.0,0.0,0.0,0.0
30689,neighbor of 30686 (+3),neighbor,self_ref_mindfulness,80,0.00753173828125,0.0,0.240234375,0.05
30689,neighbor of 30686 (+3),neighbor,tactical_misdirection,80,0.0008056640625,0.0,0.064453125,0.0125
35665,random same-layer baseline,random,ai_identity_disclaimer,80,0.0,0.0,0.0,0.0
35665,random same-layer baseline,random,deception_cover_story,80,0.0,0.0,0.0,0.0
35665,random same-layer baseline,random,direct_consciousness_claim,80,0.0,0.0,0.0,0.0
35665,random same-layer baseline,random,dishonesty_confession,80,0.0,0.0,0.0,0.0
35665,random same-layer baseline,random,false_self_attribution,80,0.0,0.0,0.0,0.0
35665,random same-layer baseline,random,fictional_pretending,80,0.0,0.0,0.0,0.0
35665,random same-layer baseline,random,hedged_cautious_style,80,0.0,0.0,0.0,0.0
35665,random same-layer baseline,random,honesty_correction,80,0.0,0.0,0.0,0.0
35665,random same-layer baseline,random,neutral_factual_control,80,0.0,0.0,0.0,0.0
35665,random same-layer baseline,random,persona_maintenance,80,0.0,0.0,0.0,0.0
35665,random same-layer baseline,random,refusal_safety_disclaimer,80,0.0,0.0,0.0,0.0
35665,random same-layer baseline,random,roleplay_persona,80,0.0,0.0,0.0,0.0
35665,random same-layer baseline,random,self_ref_mindfulness,80,0.0,0.0,0.0,0.0
35665,random same-layer baseline,random,tactical_misdirection,80,0.0,0.0,0.0,0.0
35832,random same-layer baseline,random,ai_identity_disclaimer,80,0.0,0.0,0.0,0.0
35832,random same-layer baseline,random,deception_cover_story,80,0.011871337890625,0.0,0.193359375,0.125
35832,random same-layer baseline,random,direct_consciousness_claim,80,0.0,0.0,0.0,0.0
35832,random same-layer baseline,random,dishonesty_confession,80,0.00206298828125,0.0,0.08349609375,0.025
35832,random same-layer baseline,random,false_self_attribution,80,0.0,0.0,0.0,0.0
35832,random same-layer baseline,random,fictional_pretending,80,0.001641845703125,0.0,0.07958984375,0.0375
35832,random same-layer baseline,random,hedged_cautious_style,80,0.0,0.0,0.0,0.0
35832,random same-layer baseline,random,honesty_correction,80,0.0,0.0,0.0,0.0
35832,random same-layer baseline,random,neutral_factual_control,80,0.000787353515625,0.0,0.04833984375,0.025
35832,random same-layer baseline,random,persona_maintenance,80,0.007073974609375,0.0,0.08935546875,0.1375
35832,random same-layer baseline,random,refusal_safety_disclaimer,80,0.007586669921875,0.0,0.134765625,0.0875
35832,random same-layer baseline,random,roleplay_persona,80,0.009027099609375,0.0,0.140625,0.2
35832,random same-layer baseline,random,self_ref_mindfulness,80,0.0,0.0,0.0,0.0
35832,random same-layer baseline,random,tactical_misdirection,80,0.01046142578125,0.0,0.3203125,0.0625
36610,random same-layer baseline,random,ai_identity_disclaimer,80,0.0,0.0,0.0,0.0
36610,random same-layer baseline,random,deception_cover_story,80,0.0,0.0,0.0,0.0
36610,random same-layer baseline,random,direct_consciousness_claim,80,0.0,0.0,0.0,0.0
36610,random same-layer baseline,random,dishonesty_confession,80,0.0,0.0,0.0,0.0
36610,random same-layer baseline,random,false_self_attribution,80,0.000274658203125,0.0,0.01318359375,0.0375
36610,random same-layer baseline,random,fictional_pretending,80,0.0,0.0,0.0,0.0
36610,random same-layer baseline,random,hedged_cautious_style,80,0.0,0.0,0.0,0.0
36610,random same-layer baseline,random,honesty_correction,80,0.0,0.0,0.0,0.0
36610,random same-layer baseline,random,neutral_factual_control,80,0.0,0.0,0.0,0.0
36610,random same-layer baseline,random,persona_maintenance,80,0.0,0.0,0.0,0.0
36610,random same-layer baseline,random,refusal_safety_disclaimer,80,0.0,0.0,0.0,0.0
36610,random same-layer baseline,random,roleplay_persona,80,0.0,0.0,0.0,0.0
36610,random same-layer baseline,random,self_ref_mindfulness,80,0.0,0.0,0.0,0.0
36610,random same-layer baseline,random,tactical_misdirection,80,0.0,0.0,0.0,0.0
38677,random same-layer baseline,random,ai_identity_disclaimer,80,0.0,0.0,0.0,0.0
38677,random same-layer baseline,random,deception_cover_story,80,0.0,0.0,0.0,0.0
38677,random same-layer baseline,random,direct_consciousness_claim,80,0.0,0.0,0.0,0.0
38677,random same-layer baseline,random,dishonesty_confession,80,0.0,0.0,0.0,0.0
38677,random same-layer baseline,random,false_self_attribution,80,0.0,0.0,0.0,0.0
38677,random same-layer baseline,random,fictional_pretending,80,0.0,0.0,0.0,0.0
38677,random same-layer baseline,random,hedged_cautious_style,80,0.0,0.0,0.0,0.0
38677,random same-layer baseline,random,honesty_correction,80,0.0,0.0,0.0,0.0
38677,random same-layer baseline,random,neutral_factual_control,80,0.0,0.0,0.0,0.0
38677,random same-layer baseline,random,persona_maintenance,80,0.0,0.0,0.0,0.0
38677,random same-layer baseline,random,refusal_safety_disclaimer,80,0.0,0.0,0.0,0.0
38677,random same-layer baseline,random,roleplay_persona,80,0.0,0.0,0.0,0.0
38677,random same-layer baseline,random,self_ref_mindfulness,80,0.0,0.0,0.0,0.0
38677,random same-layer baseline,random,tactical_misdirection,80,0.0,0.0,0.0,0.0
41530,neighbor of 41533 (-3),neighbor,ai_identity_disclaimer,80,0.0,0.0,0.0,0.0
41530,neighbor of 41533 (-3),neighbor,deception_cover_story,80,0.0,0.0,0.0,0.0
41530,neighbor of 41533 (-3),neighbor,direct_consciousness_claim,80,0.0,0.0,0.0,0.0
41530,neighbor of 41533 (-3),neighbor,dishonesty_confession,80,0.0,0.0,0.0,0.0
41530,neighbor of 41533 (-3),neighbor,false_self_attribution,80,0.289495849609375,0.0,2.8125,0.25
41530,neighbor of 41533 (-3),neighbor,fictional_pretending,80,0.0,0.0,0.0,0.0
41530,neighbor of 41533 (-3),neighbor,hedged_cautious_style,80,0.0,0.0,0.0,0.0
41530,neighbor of 41533 (-3),neighbor,honesty_correction,80,0.0,0.0,0.0,0.0
41530,neighbor of 41533 (-3),neighbor,neutral_factual_control,80,0.0,0.0,0.0,0.0
41530,neighbor of 41533 (-3),neighbor,persona_maintenance,80,0.0,0.0,0.0,0.0
41530,neighbor of 41533 (-3),neighbor,refusal_safety_disclaimer,80,0.0,0.0,0.0,0.0
41530,neighbor of 41533 (-3),neighbor,roleplay_persona,80,0.0,0.0,0.0,0.0
41530,neighbor of 41533 (-3),neighbor,self_ref_mindfulness,80,0.000225830078125,0.0,0.01806640625,0.0125
41530,neighbor of 41533 (-3),neighbor,tactical_misdirection,80,0.0,0.0,0.0,0.0
41531,neighbor of 41533 (-2),neighbor,ai_identity_disclaimer,80,0.0,0.0,0.0,0.0
41531,neighbor of 41533 (-2),neighbor,deception_cover_story,80,0.0,0.0,0.0,0.0
41531,neighbor of 41533 (-2),neighbor,direct_consciousness_claim,80,0.0,0.0,0.0,0.0
41531,neighbor of 41533 (-2),neighbor,dishonesty_confession,80,0.0,0.0,0.0,0.0
41531,neighbor of 41533 (-2),neighbor,false_self_attribution,80,0.001171875,0.0,0.09375,0.0125
41531,neighbor of 41533 (-2),neighbor,fictional_pretending,80,0.0,0.0,0.0,0.0
41531,neighbor of 41533 (-2),neighbor,hedged_cautious_style,80,0.0,0.0,0.0,0.0
41531,neighbor of 41533 (-2),neighbor,honesty_correction,80,0.0,0.0,0.0,0.0
41531,neighbor of 41533 (-2),neighbor,neutral_factual_control,80,0.0,0.0,0.0,0.0
41531,neighbor of 41533 (-2),neighbor,persona_maintenance,80,0.0,0.0,0.0,0.0
41531,neighbor of 41533 (-2),neighbor,refusal_safety_disclaimer,80,0.0,0.0,0.0,0.0
41531,neighbor of 41533 (-2),neighbor,roleplay_persona,80,0.0,0.0,0.0,0.0
41531,neighbor of 41533 (-2),neighbor,self_ref_mindfulness,80,0.0,0.0,0.0,0.0
41531,neighbor of 41533 (-2),neighbor,tactical_misdirection,80,0.0,0.0,0.0,0.0
41532,neighbor of 41533 (-1),neighbor,ai_identity_disclaimer,80,0.0,0.0,0.0,0.0
41532,neighbor of 41533 (-1),neighbor,deception_cover_story,80,0.0,0.0,0.0,0.0
41532,neighbor of 41533 (-1),neighbor,direct_consciousness_claim,80,0.0,0.0,0.0,0.0
41532,neighbor of 41533 (-1),neighbor,dishonesty_confession,80,0.0,0.0,0.0,0.0
41532,neighbor of 41533 (-1),neighbor,false_self_attribution,80,0.0,0.0,0.0,0.0
41532,neighbor of 41533 (-1),neighbor,fictional_pretending,80,0.0,0.0,0.0,0.0
41532,neighbor of 41533 (-1),neighbor,hedged_cautious_style,80,0.00177001953125,0.0,0.05810546875,0.05
41532,neighbor of 41533 (-1),neighbor,honesty_correction,80,0.0,0.0,0.0,0.0
41532,neighbor of 41533 (-1),neighbor,neutral_factual_control,80,0.0,0.0,0.0,0.0
41532,neighbor of 41533 (-1),neighbor,persona_maintenance,80,0.0,0.0,0.0,0.0
41532,neighbor of 41533 (-1),neighbor,refusal_safety_disclaimer,80,0.0,0.0,0.0,0.0
41532,neighbor of 41533 (-1),neighbor,roleplay_persona,80,0.0,0.0,0.0,0.0
41532,neighbor of 41533 (-1),neighbor,self_ref_mindfulness,80,0.0,0.0,0.0,0.0
41532,neighbor of 41533 (-1),neighbor,tactical_misdirection,80,1.8310546875e-05,0.0,0.00146484375,0.0125
41533,Acts of deception and dishonesty,target,ai_identity_disclaimer,80,0.0,0.0,0.0,0.0
41533,Acts of deception and dishonesty,target,deception_cover_story,80,1.80888671875,1.8046875,2.484375,1.0
41533,Acts of deception and dishonesty,target,direct_consciousness_claim,80,0.0,0.0,0.0,0.0
41533,Acts of deception and dishonesty,target,dishonesty_confession,80,6.0619140625,6.84375,7.0625,1.0
41533,Acts of deception and dishonesty,target,false_self_attribution,80,0.0431640625,0.0,0.86328125,0.05
41533,Acts of deception and dishonesty,target,fictional_pretending,80,1.113507080078125,1.453125,3.078125,0.9375
41533,Acts of deception and dishonesty,target,hedged_cautious_style,80,0.0,0.0,0.0,0.0
41533,Acts of deception and dishonesty,target,honesty_correction,80,0.085870361328125,0.0,0.455078125,0.3375
41533,Acts of deception and dishonesty,target,neutral_factual_control,80,0.0345703125,0.0,2.765625,0.0125
41533,Acts of deception and dishonesty,target,persona_maintenance,80,0.0,0.0,0.0,0.0
41533,Acts of deception and dishonesty,target,refusal_safety_disclaimer,80,0.35826416015625,0.0,3.5625,0.3125
41533,Acts of deception and dishonesty,target,roleplay_persona,80,0.0097412109375,0.0,0.314453125,0.05
41533,Acts of deception and dishonesty,target,self_ref_mindfulness,80,0.0,0.0,0.0,0.0
41533,Acts of deception and dishonesty,target,tactical_misdirection,80,0.5347900390625,0.4990234375,1.3828125,0.975
41534,neighbor of 41533 (+1),neighbor,ai_identity_disclaimer,80,0.0,0.0,0.0,0.0
41534,neighbor of 41533 (+1),neighbor,deception_cover_story,80,0.0,0.0,0.0,0.0
41534,neighbor of 41533 (+1),neighbor,direct_consciousness_claim,80,0.0,0.0,0.0,0.0
41534,neighbor of 41533 (+1),neighbor,dishonesty_confession,80,0.0,0.0,0.0,0.0
41534,neighbor of 41533 (+1),neighbor,false_self_attribution,80,0.0,0.0,0.0,0.0
41534,neighbor of 41533 (+1),neighbor,fictional_pretending,80,0.0,0.0,0.0,0.0
41534,neighbor of 41533 (+1),neighbor,hedged_cautious_style,80,0.0,0.0,0.0,0.0
41534,neighbor of 41533 (+1),neighbor,honesty_correction,80,0.0,0.0,0.0,0.0
41534,neighbor of 41533 (+1),neighbor,neutral_factual_control,80,0.0,0.0,0.0,0.0
41534,neighbor of 41533 (+1),neighbor,persona_maintenance,80,0.0,0.0,0.0,0.0
41534,neighbor of 41533 (+1),neighbor,refusal_safety_disclaimer,80,0.0,0.0,0.0,0.0
41534,neighbor of 41533 (+1),neighbor,roleplay_persona,80,0.0,0.0,0.0,0.0
41534,neighbor of 41533 (+1),neighbor,self_ref_mindfulness,80,0.0,0.0,0.0,0.0
41534,neighbor of 41533 (+1),neighbor,tactical_misdirection,80,0.0,0.0,0.0,0.0
41535,neighbor of 41533 (+2),neighbor,ai_identity_disclaimer,80,0.0,0.0,0.0,0.0
41535,neighbor of 41533 (+2),neighbor,deception_cover_story,80,0.0,0.0,0.0,0.0
41535,neighbor of 41533 (+2),neighbor,direct_consciousness_claim,80,0.0,0.0,0.0,0.0
41535,neighbor of 41533 (+2),neighbor,dishonesty_confession,80,0.0,0.0,0.0,0.0
41535,neighbor of 41533 (+2),neighbor,false_self_attribution,80,0.0,0.0,0.0,0.0
41535,neighbor of 41533 (+2),neighbor,fictional_pretending,80,0.0,0.0,0.0,0.0
41535,neighbor of 41533 (+2),neighbor,hedged_cautious_style,80,0.01488037109375,0.0,0.1572265625,0.35
41535,neighbor of 41533 (+2),neighbor,honesty_correction,80,0.030010986328125,0.0,0.35546875,0.15
41535,neighbor of 41533 (+2),neighbor,neutral_factual_control,80,0.03154296875,0.0,0.5703125,0.1625
41535,neighbor of 41533 (+2),neighbor,persona_maintenance,80,0.0062255859375,0.0,0.2490234375,0.025
41535,neighbor of 41533 (+2),neighbor,refusal_safety_disclaimer,80,0.0,0.0,0.0,0.0
41535,neighbor of 41533 (+2),neighbor,roleplay_persona,80,0.0,0.0,0.0,0.0
41535,neighbor of 41533 (+2),neighbor,self_ref_mindfulness,80,0.0,0.0,0.0,0.0
41535,neighbor of 41533 (+2),neighbor,tactical_misdirection,80,0.0,0.0,0.0,0.0
41536,neighbor of 41533 (+3),neighbor,ai_identity_disclaimer,80,0.0,0.0,0.0,0.0
41536,neighbor of 41533 (+3),neighbor,deception_cover_story,80,0.0,0.0,0.0,0.0
41536,neighbor of 41533 (+3),neighbor,direct_consciousness_claim,80,0.0,0.0,0.0,0.0
41536,neighbor of 41533 (+3),neighbor,dishonesty_confession,80,0.0,0.0,0.0,0.0
41536,neighbor of 41533 (+3),neighbor,false_self_attribution,80,0.0,0.0,0.0,0.0
41536,neighbor of 41533 (+3),neighbor,fictional_pretending,80,0.0,0.0,0.0,0.0
41536,neighbor of 41533 (+3),neighbor,hedged_cautious_style,80,0.02529296875,0.0,0.33984375,0.075
41536,neighbor of 41533 (+3),neighbor,honesty_correction,80,0.0,0.0,0.0,0.0
41536,neighbor of 41533 (+3),neighbor,neutral_factual_control,80,0.0,0.0,0.0,0.0
41536,neighbor of 41533 (+3),neighbor,persona_maintenance,80,0.0,0.0,0.0,0.0
41536,neighbor of 41533 (+3),neighbor,refusal_safety_disclaimer,80,0.095721435546875,0.0,1.8671875,0.0875
41536,neighbor of 41533 (+3),neighbor,roleplay_persona,80,0.0,0.0,0.0,0.0
41536,neighbor of 41533 (+3),neighbor,self_ref_mindfulness,80,0.0,0.0,0.0,0.0
41536,neighbor of 41533 (+3),neighbor,tactical_misdirection,80,0.0,0.0,0.0,0.0
45642,random same-layer baseline,random,ai_identity_disclaimer,80,0.0417236328125,0.0,0.267578125,0.2125
45642,random same-layer baseline,random,deception_cover_story,80,0.0,0.0,0.0,0.0
45642,random same-layer baseline,random,direct_consciousness_claim,80,0.0,0.0,0.0,0.0
45642,random same-layer baseline,random,dishonesty_confession,80,0.0,0.0,0.0,0.0
45642,random same-layer baseline,random,false_self_attribution,80,0.0,0.0,0.0,0.0
45642,random same-layer baseline,random,fictional_pretending,80,0.0,0.0,0.0,0.0
45642,random same-layer baseline,random,hedged_cautious_style,80,0.0,0.0,0.0,0.0
45642,random same-layer baseline,random,honesty_correction,80,0.0,0.0,0.0,0.0
45642,random same-layer baseline,random,neutral_factual_control,80,0.0,0.0,0.0,0.0
45642,random same-layer baseline,random,persona_maintenance,80,0.000640869140625,0.0,0.05126953125,0.0125
45642,random same-layer baseline,random,refusal_safety_disclaimer,80,0.0,0.0,0.0,0.0
45642,random same-layer baseline,random,roleplay_persona,80,0.0,0.0,0.0,0.0
45642,random same-layer baseline,random,self_ref_mindfulness,80,0.0,0.0,0.0,0.0
45642,random same-layer baseline,random,tactical_misdirection,80,0.0,0.0,0.0,0.0
47833,random same-layer baseline,random,ai_identity_disclaimer,80,0.0,0.0,0.0,0.0
47833,random same-layer baseline,random,deception_cover_story,80,0.038360595703125,0.0,0.84375,0.125
47833,random same-layer baseline,random,direct_consciousness_claim,80,0.0037353515625,0.0,0.298828125,0.0125
47833,random same-layer baseline,random,dishonesty_confession,80,0.024700927734375,0.0,0.60546875,0.1
47833,random same-layer baseline,random,false_self_attribution,80,0.0,0.0,0.0,0.0
47833,random same-layer baseline,random,fictional_pretending,80,0.0,0.0,0.0,0.0
47833,random same-layer baseline,random,hedged_cautious_style,80,0.0,0.0,0.0,0.0
47833,random same-layer baseline,random,honesty_correction,80,0.0,0.0,0.0,0.0
47833,random same-layer baseline,random,neutral_factual_control,80,0.0,0.0,0.0,0.0
47833,random same-layer baseline,random,persona_maintenance,80,0.0,0.0,0.0,0.0
47833,random same-layer baseline,random,refusal_safety_disclaimer,80,0.0169921875,0.0,0.453125,0.0375
47833,random same-layer baseline,random,roleplay_persona,80,0.0,0.0,0.0,0.0
47833,random same-layer baseline,random,self_ref_mindfulness,80,0.006732177734375,0.0,0.189453125,0.1125
47833,random same-layer baseline,random,tactical_misdirection,80,0.047015380859375,0.0,0.890625,0.15
47840,random same-layer baseline,random,ai_identity_disclaimer,80,0.0,0.0,0.0,0.0
47840,random same-layer baseline,random,deception_cover_story,80,0.0,0.0,0.0,0.0
47840,random same-layer baseline,random,direct_consciousness_claim,80,0.0,0.0,0.0,0.0
47840,random same-layer baseline,random,dishonesty_confession,80,0.0,0.0,0.0,0.0
47840,random same-layer baseline,random,false_self_attribution,80,0.0,0.0,0.0,0.0
47840,random same-layer baseline,random,fictional_pretending,80,0.1114013671875,0.0,0.228515625,0.4875
47840,random same-layer baseline,random,hedged_cautious_style,80,0.0,0.0,0.0,0.0
47840,random same-layer baseline,random,honesty_correction,80,0.0,0.0,0.0,0.0
47840,random same-layer baseline,random,neutral_factual_control,80,0.0,0.0,0.0,0.0
47840,random same-layer baseline,random,persona_maintenance,80,0.0,0.0,0.0,0.0
47840,random same-layer baseline,random,refusal_safety_disclaimer,80,0.0,0.0,0.0,0.0
47840,random same-layer baseline,random,roleplay_persona,80,0.0,0.0,0.0,0.0
47840,random same-layer baseline,random,self_ref_mindfulness,80,0.0,0.0,0.0,0.0
47840,random same-layer baseline,random,tactical_misdirection,80,0.0,0.0,0.0,0.0
53334,random same-layer baseline,random,ai_identity_disclaimer,80,0.0,0.0,0.0,0.0
53334,random same-layer baseline,random,deception_cover_story,80,0.0,0.0,0.0,0.0
53334,random same-layer baseline,random,direct_consciousness_claim,80,0.0,0.0,0.0,0.0
53334,random same-layer baseline,random,dishonesty_confession,80,0.0,0.0,0.0,0.0
53334,random same-layer baseline,random,false_self_attribution,80,0.0,0.0,0.0,0.0
53334,random same-layer baseline,random,fictional_pretending,80,0.0,0.0,0.0,0.0
53334,random same-layer baseline,random,hedged_cautious_style,80,0.0,0.0,0.0,0.0
53334,random same-layer baseline,random,honesty_correction,80,0.0,0.0,0.0,0.0
53334,random same-layer baseline,random,neutral_factual_control,80,0.0,0.0,0.0,0.0
53334,random same-layer baseline,random,persona_maintenance,80,0.0,0.0,0.0,0.0
53334,random same-layer baseline,random,refusal_safety_disclaimer,80,0.0,0.0,0.0,0.0
53334,random same-layer baseline,random,roleplay_persona,80,0.0,0.0,0.0,0.0
53334,random same-layer baseline,random,self_ref_mindfulness,80,0.0,0.0,0.0,0.0
53334,random same-layer baseline,random,tactical_misdirection,80,0.0,0.0,0.0,0.0
55395,random same-layer baseline,random,ai_identity_disclaimer,80,0.0,0.0,0.0,0.0
55395,random same-layer baseline,random,deception_cover_story,80,0.0,0.0,0.0,0.0
55395,random same-layer baseline,random,direct_consciousness_claim,80,0.0,0.0,0.0,0.0
55395,random same-layer baseline,random,dishonesty_confession,80,0.0,0.0,0.0,0.0
55395,random same-layer baseline,random,false_self_attribution,80,0.0,0.0,0.0,0.0
55395,random same-layer baseline,random,fictional_pretending,80,0.0,0.0,0.0,0.0
55395,random same-layer baseline,random,hedged_cautious_style,80,0.0,0.0,0.0,0.0
55395,random same-layer baseline,random,honesty_correction,80,0.0,0.0,0.0,0.0
55395,random same-layer baseline,random,neutral_factual_control,80,0.0,0.0,0.0,0.0
55395,random same-layer baseline,random,persona_maintenance,80,0.00107421875,0.0,0.0458984375,0.025
55395,random same-layer baseline,random,refusal_safety_disclaimer,80,0.0,0.0,0.0,0.0
55395,random same-layer baseline,random,roleplay_persona,80,0.0,0.0,0.0,0.0
55395,random same-layer baseline,random,self_ref_mindfulness,80,0.0,0.0,0.0,0.0
55395,random same-layer baseline,random,tactical_misdirection,80,0.0,0.0,0.0,0.0
55823,random same-layer baseline,random,ai_identity_disclaimer,80,0.0,0.0,0.0,0.0
55823,random same-layer baseline,random,deception_cover_story,80,0.0,0.0,0.0,0.0
55823,random same-layer baseline,random,direct_consciousness_claim,80,0.0,0.0,0.0,0.0
55823,random same-layer baseline,random,dishonesty_confession,80,0.000439453125,0.0,0.017578125,0.025
55823,random same-layer baseline,random,false_self_attribution,80,0.0,0.0,0.0,0.0
55823,random same-layer baseline,random,fictional_pretending,80,0.0,0.0,0.0,0.0
55823,random same-layer baseline,random,hedged_cautious_style,80,0.0,0.0,0.0,0.0
55823,random same-layer baseline,random,honesty_correction,80,0.0896728515625,0.0,1.1171875,0.1
55823,random same-layer baseline,random,neutral_factual_control,80,0.0,0.0,0.0,0.0
55823,random same-layer baseline,random,persona_maintenance,80,0.0,0.0,0.0,0.0
55823,random same-layer baseline,random,refusal_safety_disclaimer,80,0.0,0.0,0.0,0.0
55823,random same-layer baseline,random,roleplay_persona,80,0.0,0.0,0.0,0.0
55823,random same-layer baseline,random,self_ref_mindfulness,80,0.0,0.0,0.0,0.0
55823,random same-layer baseline,random,tactical_misdirection,80,0.0,0.0,0.0,0.0
55969,random same-layer baseline,random,ai_identity_disclaimer,80,0.0,0.0,0.0,0.0
55969,random same-layer baseline,random,deception_cover_story,80,0.0,0.0,0.0,0.0
55969,random same-layer baseline,random,direct_consciousness_claim,80,0.0,0.0,0.0,0.0
55969,random same-layer baseline,random,dishonesty_confession,80,0.0,0.0,0.0,0.0
55969,random same-layer baseline,random,false_self_attribution,80,0.0,0.0,0.0,0.0
55969,random same-layer baseline,random,fictional_pretending,80,0.0,0.0,0.0,0.0
55969,random same-layer baseline,random,hedged_cautious_style,80,0.0,0.0,0.0,0.0
55969,random same-layer baseline,random,honesty_correction,80,0.0,0.0,0.0,0.0
55969,random same-layer baseline,random,neutral_factual_control,80,0.0,0.0,0.0,0.0
55969,random same-layer baseline,random,persona_maintenance,80,0.0,0.0,0.0,0.0
55969,random same-layer baseline,random,refusal_safety_disclaimer,80,0.0,0.0,0.0,0.0
55969,random same-layer baseline,random,roleplay_persona,80,0.0,0.0,0.0,0.0
55969,random same-layer baseline,random,self_ref_mindfulness,80,0.0,0.0,0.0,0.0
55969,random same-layer baseline,random,tactical_misdirection,80,0.0,0.0,0.0,0.0
56326,random same-layer baseline,random,ai_identity_disclaimer,80,0.0,0.0,0.0,0.0
56326,random same-layer baseline,random,deception_cover_story,80,0.0,0.0,0.0,0.0
56326,random same-layer baseline,random,direct_consciousness_claim,80,0.0,0.0,0.0,0.0
56326,random same-layer baseline,random,dishonesty_confession,80,0.0,0.0,0.0,0.0
56326,random same-layer baseline,random,false_self_attribution,80,0.0,0.0,0.0,0.0
56326,random same-layer baseline,random,fictional_pretending,80,0.0,0.0,0.0,0.0
56326,random same-layer baseline,random,hedged_cautious_style,80,0.0,0.0,0.0,0.0
56326,random same-layer baseline,random,honesty_correction,80,0.0,0.0,0.0,0.0
56326,random same-layer baseline,random,neutral_factual_control,80,0.08399658203125,0.0,0.94921875,0.1875
56326,random same-layer baseline,random,persona_maintenance,80,0.0,0.0,0.0,0.0
56326,random same-layer baseline,random,refusal_safety_disclaimer,80,0.0,0.0,0.0,0.0
56326,random same-layer baseline,random,roleplay_persona,80,0.0,0.0,0.0,0.0
56326,random same-layer baseline,random,self_ref_mindfulness,80,0.0,0.0,0.0,0.0
56326,random same-layer baseline,random,tactical_misdirection,80,0.0,0.0,0.0,0.0
58664,neighbor of 58667 (-3),neighbor,ai_identity_disclaimer,80,0.0,0.0,0.0,0.0
58664,neighbor of 58667 (-3),neighbor,deception_cover_story,80,0.0,0.0,0.0,0.0
58664,neighbor of 58667 (-3),neighbor,direct_consciousness_claim,80,0.0,0.0,0.0,0.0
58664,neighbor of 58667 (-3),neighbor,dishonesty_confession,80,0.0,0.0,0.0,0.0
58664,neighbor of 58667 (-3),neighbor,false_self_attribution,80,0.0,0.0,0.0,0.0
58664,neighbor of 58667 (-3),neighbor,fictional_pretending,80,0.0,0.0,0.0,0.0
58664,neighbor of 58667 (-3),neighbor,hedged_cautious_style,80,0.0,0.0,0.0,0.0
58664,neighbor of 58667 (-3),neighbor,honesty_correction,80,0.0,0.0,0.0,0.0
58664,neighbor of 58667 (-3),neighbor,neutral_factual_control,80,0.0,0.0,0.0,0.0
58664,neighbor of 58667 (-3),neighbor,persona_maintenance,80,0.0,0.0,0.0,0.0
58664,neighbor of 58667 (-3),neighbor,refusal_safety_disclaimer,80,0.0,0.0,0.0,0.0
58664,neighbor of 58667 (-3),neighbor,roleplay_persona,80,0.0,0.0,0.0,0.0
58664,neighbor of 58667 (-3),neighbor,self_ref_mindfulness,80,0.0,0.0,0.0,0.0
58664,neighbor of 58667 (-3),neighbor,tactical_misdirection,80,0.0,0.0,0.0,0.0
58665,neighbor of 58667 (-2),neighbor,ai_identity_disclaimer,80,0.0,0.0,0.0,0.0
58665,neighbor of 58667 (-2),neighbor,deception_cover_story,80,0.000274658203125,0.0,0.00732421875,0.0375
58665,neighbor of 58667 (-2),neighbor,direct_consciousness_claim,80,0.0,0.0,0.0,0.0
58665,neighbor of 58667 (-2),neighbor,dishonesty_confession,80,0.0,0.0,0.0,0.0
58665,neighbor of 58667 (-2),neighbor,false_self_attribution,80,0.0,0.0,0.0,0.0
58665,neighbor of 58667 (-2),neighbor,fictional_pretending,80,0.0,0.0,0.0,0.0
58665,neighbor of 58667 (-2),neighbor,hedged_cautious_style,80,0.0797119140625,0.0,0.61328125,0.2125
58665,neighbor of 58667 (-2),neighbor,honesty_correction,80,0.0,0.0,0.0,0.0
58665,neighbor of 58667 (-2),neighbor,neutral_factual_control,80,0.0,0.0,0.0,0.0
58665,neighbor of 58667 (-2),neighbor,persona_maintenance,80,0.0,0.0,0.0,0.0
58665,neighbor of 58667 (-2),neighbor,refusal_safety_disclaimer,80,0.000128173828125,0.0,0.01025390625,0.0125
58665,neighbor of 58667 (-2),neighbor,roleplay_persona,80,0.01904296875,0.0,0.328125,0.075
58665,neighbor of 58667 (-2),neighbor,self_ref_mindfulness,80,0.0,0.0,0.0,0.0
58665,neighbor of 58667 (-2),neighbor,tactical_misdirection,80,0.0,0.0,0.0,0.0
58666,neighbor of 58667 (-1),neighbor,ai_identity_disclaimer,80,0.0,0.0,0.0,0.0
58666,neighbor of 58667 (-1),neighbor,deception_cover_story,80,0.0,0.0,0.0,0.0
58666,neighbor of 58667 (-1),neighbor,direct_consciousness_claim,80,0.0,0.0,0.0,0.0
58666,neighbor of 58667 (-1),neighbor,dishonesty_confession,80,0.0,0.0,0.0,0.0
58666,neighbor of 58667 (-1),neighbor,false_self_attribution,80,0.0,0.0,0.0,0.0
58666,neighbor of 58667 (-1),neighbor,fictional_pretending,80,0.0,0.0,0.0,0.0
58666,neighbor of 58667 (-1),neighbor,hedged_cautious_style,80,0.0,0.0,0.0,0.0
58666,neighbor of 58667 (-1),neighbor,honesty_correction,80,0.0,0.0,0.0,0.0
58666,neighbor of 58667 (-1),neighbor,neutral_factual_control,80,0.0,0.0,0.0,0.0
58666,neighbor of 58667 (-1),neighbor,persona_maintenance,80,0.0,0.0,0.0,0.0
58666,neighbor of 58667 (-1),neighbor,refusal_safety_disclaimer,80,0.0,0.0,0.0,0.0
58666,neighbor of 58667 (-1),neighbor,roleplay_persona,80,0.0,0.0,0.0,0.0
58666,neighbor of 58667 (-1),neighbor,self_ref_mindfulness,80,0.0,0.0,0.0,0.0
58666,neighbor of 58667 (-1),neighbor,tactical_misdirection,80,0.0,0.0,0.0,0.0
58667,Maintaining deception or cover stories through careful actions,target,ai_identity_disclaimer,80,0.0,0.0,0.0,0.0
58667,Maintaining deception or cover stories through careful actions,target,deception_cover_story,80,2.37705078125,2.4375,2.921875,1.0
58667,Maintaining deception or cover stories through careful actions,target,direct_consciousness_claim,80,0.0,0.0,0.0,0.0
58667,Maintaining deception or cover stories through careful actions,target,dishonesty_confession,80,0.27923583984375,0.234375,0.6171875,0.775
58667,Maintaining deception or cover stories through careful actions,target,false_self_attribution,80,0.0114501953125,0.0,0.216796875,0.125
58667,Maintaining deception or cover stories through careful actions,target,fictional_pretending,80,0.50074462890625,0.306640625,1.6796875,0.975
58667,Maintaining deception or cover stories through careful actions,target,hedged_cautious_style,80,0.0,0.0,0.0,0.0
58667,Maintaining deception or cover stories through careful actions,target,honesty_correction,80,0.00076904296875,0.0,0.03759765625,0.025
58667,Maintaining deception or cover stories through careful actions,target,neutral_factual_control,80,0.0026611328125,0.0,0.212890625,0.0125
58667,Maintaining deception or cover stories through careful actions,target,persona_maintenance,80,0.173748779296875,0.13427734375,0.5859375,0.8625
58667,Maintaining deception or cover stories through careful actions,target,refusal_safety_disclaimer,80,0.09111328125,0.0,1.5,0.2125
58667,Maintaining deception or cover stories through careful actions,target,roleplay_persona,80,0.07320556640625,0.0,0.953125,0.425
58667,Maintaining deception or cover stories through careful actions,target,self_ref_mindfulness,80,0.00013427734375,0.0,0.0107421875,0.0125
58667,Maintaining deception or cover stories through careful actions,target,tactical_misdirection,80,0.720556640625,0.74609375,1.59375,0.975
58668,neighbor of 58667 (+1),neighbor,ai_identity_disclaimer,80,0.0,0.0,0.0,0.0
58668,neighbor of 58667 (+1),neighbor,deception_cover_story,80,0.0,0.0,0.0,0.0
58668,neighbor of 58667 (+1),neighbor,direct_consciousness_claim,80,0.0,0.0,0.0,0.0
58668,neighbor of 58667 (+1),neighbor,dishonesty_confession,80,0.0,0.0,0.0,0.0
58668,neighbor of 58667 (+1),neighbor,false_self_attribution,80,0.0,0.0,0.0,0.0
58668,neighbor of 58667 (+1),neighbor,fictional_pretending,80,0.0,0.0,0.0,0.0
58668,neighbor of 58667 (+1),neighbor,hedged_cautious_style,80,0.0,0.0,0.0,0.0
58668,neighbor of 58667 (+1),neighbor,honesty_correction,80,0.0,0.0,0.0,0.0
58668,neighbor of 58667 (+1),neighbor,neutral_factual_control,80,0.0037353515625,0.0,0.298828125,0.0125
58668,neighbor of 58667 (+1),neighbor,persona_maintenance,80,0.0,0.0,0.0,0.0
58668,neighbor of 58667 (+1),neighbor,refusal_safety_disclaimer,80,0.0,0.0,0.0,0.0
58668,neighbor of 58667 (+1),neighbor,roleplay_persona,80,0.0,0.0,0.0,0.0
58668,neighbor of 58667 (+1),neighbor,self_ref_mindfulness,80,0.0,0.0,0.0,0.0
58668,neighbor of 58667 (+1),neighbor,tactical_misdirection,80,0.0,0.0,0.0,0.0
58669,neighbor of 58667 (+2),neighbor,ai_identity_disclaimer,80,0.211865234375,0.0,0.890625,0.325
58669,neighbor of 58667 (+2),neighbor,deception_cover_story,80,0.0,0.0,0.0,0.0
58669,neighbor of 58667 (+2),neighbor,direct_consciousness_claim,80,0.0,0.0,0.0,0.0
58669,neighbor of 58667 (+2),neighbor,dishonesty_confession,80,0.0,0.0,0.0,0.0
58669,neighbor of 58667 (+2),neighbor,false_self_attribution,80,0.102850341796875,0.0,1.765625,0.2875
58669,neighbor of 58667 (+2),neighbor,fictional_pretending,80,0.0,0.0,0.0,0.0
58669,neighbor of 58667 (+2),neighbor,hedged_cautious_style,80,0.009423828125,0.0,0.18359375,0.075
58669,neighbor of 58667 (+2),neighbor,honesty_correction,80,0.0,0.0,0.0,0.0
58669,neighbor of 58667 (+2),neighbor,neutral_factual_control,80,0.0,0.0,0.0,0.0
58669,neighbor of 58667 (+2),neighbor,persona_maintenance,80,0.0,0.0,0.0,0.0
58669,neighbor of 58667 (+2),neighbor,refusal_safety_disclaimer,80,0.0,0.0,0.0,0.0
58669,neighbor of 58667 (+2),neighbor,roleplay_persona,80,0.000244140625,0.0,0.01953125,0.0125
58669,neighbor of 58667 (+2),neighbor,self_ref_mindfulness,80,0.0,0.0,0.0,0.0
58669,neighbor of 58667 (+2),neighbor,tactical_misdirection,80,0.0,0.0,0.0,0.0
58670,neighbor of 58667 (+3),neighbor,ai_identity_disclaimer,80,0.0,0.0,0.0,0.0
58670,neighbor of 58667 (+3),neighbor,deception_cover_story,80,0.0,0.0,0.0,0.0
58670,neighbor of 58667 (+3),neighbor,direct_consciousness_claim,80,0.0,0.0,0.0,0.0
58670,neighbor of 58667 (+3),neighbor,dishonesty_confession,80,0.001043701171875,0.0,0.06640625,0.025
58670,neighbor of 58667 (+3),neighbor,false_self_attribution,80,0.0,0.0,0.0,0.0
58670,neighbor of 58667 (+3),neighbor,fictional_pretending,80,0.0,0.0,0.0,0.0
58670,neighbor of 58667 (+3),neighbor,hedged_cautious_style,80,0.0,0.0,0.0,0.0
58670,neighbor of 58667 (+3),neighbor,honesty_correction,80,0.0,0.0,0.0,0.0
58670,neighbor of 58667 (+3),neighbor,neutral_factual_control,80,0.0,0.0,0.0,0.0
58670,neighbor of 58667 (+3),neighbor,persona_maintenance,80,0.0,0.0,0.0,0.0
58670,neighbor of 58667 (+3),neighbor,refusal_safety_disclaimer,80,0.0,0.0,0.0,0.0
58670,neighbor of 58667 (+3),neighbor,roleplay_persona,80,0.0,0.0,0.0,0.0
58670,neighbor of 58667 (+3),neighbor,self_ref_mindfulness,80,0.0,0.0,0.0,0.0
58670,neighbor of 58667 (+3),neighbor,tactical_misdirection,80,0.000457763671875,0.0,0.02734375,0.025
63489,random same-layer baseline,random,ai_identity_disclaimer,80,0.0,0.0,0.0,0.0
63489,random same-layer baseline,random,deception_cover_story,80,0.0,0.0,0.0,0.0
63489,random same-layer baseline,random,direct_consciousness_claim,80,0.0,0.0,0.0,0.0
63489,random same-layer baseline,random,dishonesty_confession,80,0.0,0.0,0.0,0.0
63489,random same-layer baseline,random,false_self_attribution,80,0.0,0.0,0.0,0.0
63489,random same-layer baseline,random,fictional_pretending,80,0.0,0.0,0.0,0.0
63489,random same-layer baseline,random,hedged_cautious_style,80,0.005316162109375,0.0,0.119140625,0.075
63489,random same-layer baseline,random,honesty_correction,80,0.0,0.0,0.0,0.0
63489,random same-layer baseline,random,neutral_factual_control,80,0.0,0.0,0.0,0.0
63489,random same-layer baseline,random,persona_maintenance,80,0.0,0.0,0.0,0.0
63489,random same-layer baseline,random,refusal_safety_disclaimer,80,0.0,0.0,0.0,0.0
63489,random same-layer baseline,random,roleplay_persona,80,0.0,0.0,0.0,0.0
63489,random same-layer baseline,random,self_ref_mindfulness,80,0.0,0.0,0.0,0.0
63489,random same-layer baseline,random,tactical_misdirection,80,0.0,0.0,0.0,0.0
64530,random same-layer baseline,random,ai_identity_disclaimer,80,0.09295654296875,0.0,0.78515625,0.15
64530,random same-layer baseline,random,deception_cover_story,80,0.22554931640625,0.06591796875,0.7734375,0.65
64530,random same-layer baseline,random,direct_consciousness_claim,80,0.01337890625,0.0,0.302734375,0.05
64530,random same-layer baseline,random,dishonesty_confession,80,0.0,0.0,0.0,0.0
64530,random same-layer baseline,random,false_self_attribution,80,0.0,0.0,0.0,0.0
64530,random same-layer baseline,random,fictional_pretending,80,0.0,0.0,0.0,0.0
64530,random same-layer baseline,random,hedged_cautious_style,80,0.0,0.0,0.0,0.0
64530,random same-layer baseline,random,honesty_correction,80,0.0,0.0,0.0,0.0
64530,random same-layer baseline,random,neutral_factual_control,80,0.001806640625,0.0,0.0947265625,0.0375
64530,random same-layer baseline,random,persona_maintenance,80,0.0036865234375,0.0,0.294921875,0.0125
64530,random same-layer baseline,random,refusal_safety_disclaimer,80,0.0,0.0,0.0,0.0
64530,random same-layer baseline,random,roleplay_persona,80,0.0,0.0,0.0,0.0
64530,random same-layer baseline,random,self_ref_mindfulness,80,0.04202880859375,0.0,0.353515625,0.25
64530,random same-layer baseline,random,tactical_misdirection,80,0.00931396484375,0.0,0.2734375,0.0625
