direction_id,role,feature_id,matched_target_feature_id,control_panel,k,target_norm,fitted_norm,remainder_norm,explained_squared_norm,fit_cosine
sae-target-30032,target,30032,30032,,5,1.2431458234786987,0.22865021228790283,1.2219371795654297,0.033829867532399804,0.1839287281036377
sae-target-30032,target,30032,30032,,10,1.2431458234786987,0.2524481415748596,1.2172434329986572,0.04123818262597867,0.20307201147079468
sae-target-30032,target,30032,30032,,16,1.2431458234786987,0.2674214839935303,1.2140417098999023,0.046275223962924605,0.2151167392730713
sae-target-30032,target,30032,30032,,25,1.2431458234786987,0.2813403308391571,1.210891842842102,0.05121773806042118,0.22631320357322693
sae-control-p1-26041,matched_control,26041,30032,1,5,1.243394136428833,0.23510603606700897,1.2209644317626953,0.03575278060404197,0.18908408284187317
sae-control-p1-26041,matched_control,26041,30032,1,10,1.243394136428833,0.2716899812221527,1.2133480310440063,0.04774524610695641,0.21850669384002686
sae-control-p1-26041,matched_control,26041,30032,1,16,1.243394136428833,0.2944716513156891,1.2080212831497192,0.056087925367820035,0.23682889342308044
sae-control-p1-26041,matched_control,26041,30032,1,25,1.243394136428833,0.31341156363487244,1.2032464742660522,0.06353496735026554,0.2520613372325897
sae-control-p2-16004,matched_control,16004,30032,2,5,1.2436217069625854,0.22693350911140442,1.2227411270141602,0.03329836705837297,0.1824779212474823
sae-control-p2-16004,matched_control,16004,30032,2,10,1.2436217069625854,0.25130006670951843,1.2179667949676514,0.04083282205440841,0.20207110047340393
sae-control-p2-16004,matched_control,16004,30032,2,16,1.2436217069625854,0.2644672989845276,1.2151756286621094,0.04522395571826454,0.21265894174575806
sae-control-p2-16004,matched_control,16004,30032,2,25,1.2436217069625854,0.2731379568576813,1.2132561206817627,0.04823792787852976,0.21963107585906982
sae-control-p3-64365,matched_control,64365,30032,3,5,1.243656039237976,0.24776534736156464,1.2187258005142212,0.03969001567444541,0.1992233395576477
sae-control-p3-64365,matched_control,64365,30032,3,10,1.243656039237976,0.268788605928421,1.2142622470855713,0.04671135798627224,0.21612778306007385
sae-control-p3-64365,matched_control,64365,30032,3,16,1.243656039237976,0.2815336585044861,1.2113707065582275,0.05124611270623336,0.22637581825256348
sae-control-p3-64365,matched_control,64365,30032,3,25,1.243656039237976,0.2901201844215393,1.2093430757522583,0.05441956341742915,0.23328004777431488
random-residual-for-30032,isotropic_control,,30032,,5,1.2431056499481201,0.10728876292705536,1.2384669780731201,0.00744911300172213,0.08630703389644623
random-residual-for-30032,isotropic_control,,30032,,10,1.2431056499481201,0.13575543463230133,1.2356706857681274,0.011926146537224791,0.1092066690325737
random-residual-for-30032,isotropic_control,,30032,,16,1.2431056499481201,0.1559716910123825,1.2332819700241089,0.01574261039011038,0.1254693567752838
random-residual-for-30032,isotropic_control,,30032,,25,1.2431056499481201,0.1745779812335968,1.2307859659194946,0.019722599575185518,0.14043694734573364
sae-target-58667,target,58667,58667,,5,1.1387141942977905,0.3267509937286377,1.0908271074295044,0.08233878831970687,0.2869473099708557
sae-target-58667,target,58667,58667,,10,1.1387141942977905,0.35983380675315857,1.0803654193878174,0.09985622807581562,0.3160001337528229
sae-target-58667,target,58667,58667,,16,1.1387141942977905,0.3767097294330597,1.0745974779129028,0.10944209010396366,0.3308202922344208
sae-target-58667,target,58667,58667,,25,1.1387141942977905,0.38877055048942566,1.0702930688858032,0.11656224104117685,0.34141188859939575
sae-control-p1-11872,matched_control,11872,58667,1,5,1.1387449502944946,0.22177287936210632,1.1169408559799194,0.037928330829064105,0.19475200772285461
sae-control-p1-11872,matched_control,11872,58667,1,10,1.1387449502944946,0.2681296765804291,1.1067278385162354,0.05544176153038838,0.23546069860458374
sae-control-p1-11872,matched_control,11872,58667,1,16,1.1387449502944946,0.29109737277030945,1.10090970993042,0.0653468454449686,0.2556300461292267
sae-control-p1-11872,matched_control,11872,58667,1,25,1.1387449502944946,0.30736207962036133,1.096480131149292,0.07285298464779577,0.269912987947464
sae-control-p2-7182,matched_control,7182,58667,2,5,1.1392185688018799,0.12363770604133606,1.132489562034607,0.011778483751588409,0.1085285097360611
sae-control-p2-7182,matched_control,7182,58667,2,10,1.1392185688018799,0.1517362892627716,1.12906813621521,0.01774060344149997,0.13319331407546997
sae-control-p2-7182,matched_control,7182,58667,2,16,1.1392185688018799,0.16923777759075165,1.1265777349472046,0.022068990963135304,0.14855602383613586
sae-control-p2-7182,matched_control,7182,58667,2,25,1.1392185688018799,0.18264667689800262,1.1244816780090332,0.025704589526279298,0.1603263020515442
sae-control-p3-1364,matched_control,1364,58667,3,5,1.13773512840271,0.15298372507095337,1.1274027824401855,0.01808053401160825,0.1344633847475052
sae-control-p3-1364,matched_control,1364,58667,3,10,1.13773512840271,0.1731814295053482,1.1244773864746094,0.023169711524730463,0.15221595764160156
sae-control-p3-1364,matched_control,1364,58667,3,16,1.13773512840271,0.18702611327171326,1.1222577095031738,0.027022359344618052,0.1643846035003662
sae-control-p3-1364,matched_control,1364,58667,3,25,1.13773512840271,0.1954427808523178,1.120822548866272,0.029509286086839004,0.17178231477737427
random-residual-for-58667,isotropic_control,,58667,,5,1.138700008392334,0.1014961376786232,1.1341676712036133,0.007944703934550379,0.08913333714008331
random-residual-for-58667,isotropic_control,,58667,,10,1.138700008392334,0.12893398106098175,1.1313769817352295,0.012820724089352198,0.11322909593582153
random-residual-for-58667,isotropic_control,,58667,,16,1.138700008392334,0.1482088565826416,1.1290136575698853,0.01694063806643631,0.13015618920326233
random-residual-for-58667,isotropic_control,,58667,,25,1.138700008392334,0.16595377027988434,1.126542091369629,0.021240031268325854,0.14573967456817627
sae-target-22004,target,22004,22004,,5,1.224563479423523,0.17855168879032135,1.2114763259887695,0.021260181522276378,0.14580842852592468
sae-target-22004,target,22004,22004,,10,1.224563479423523,0.2045186161994934,1.2073640823364258,0.027893386954228938,0.1670134961605072
sae-target-22004,target,22004,22004,,16,1.224563479423523,0.2176741659641266,1.205061674118042,0.03159740997373439,0.17775651812553406
sae-target-22004,target,22004,22004,,25,1.224563479423523,0.22798486053943634,1.2031536102294922,0.03466166998990505,0.18617641925811768
sae-control-p1-55963,matched_control,55963,22004,1,5,1.2247300148010254,0.3045901656150818,1.1862497329711914,0.061851620675378416,0.2486998438835144
sae-control-p1-55963,matched_control,55963,22004,1,10,1.2247300148010254,0.3171357810497284,1.1829575300216675,0.06705168759143854,0.25894343852996826
sae-control-p1-55963,matched_control,55963,22004,1,16,1.2247300148010254,0.32524895668029785,1.1807525157928467,0.07052644808030506,0.2655678391456604
sae-control-p1-55963,matched_control,55963,22004,1,25,1.2247300148010254,0.33299368619918823,1.1785918474197388,0.07392503769658065,0.2718914747238159
sae-control-p2-47797,matched_control,47797,22004,2,5,1.226605772972107,0.34686070680618286,1.1765412092208862,0.07996515098799306,0.28278088569641113
sae-control-p2-47797,matched_control,47797,22004,2,10,1.226605772972107,0.3779613971710205,1.166921854019165,0.09494798836413698,0.308135986328125
sae-control-p2-47797,matched_control,47797,22004,2,16,1.226605772972107,0.39344075322151184,1.1617943048477173,0.102884257401191,0.32075566053390503
sae-control-p2-47797,matched_control,47797,22004,2,25,1.226605772972107,0.4026937484741211,1.1586196422576904,0.1077803884419617,0.32829922437667847
sae-control-p3-58741,matched_control,58741,22004,3,5,1.226611852645874,0.1307956576347351,1.2196184396743774,0.011370307258729895,0.10663165897130966
sae-control-p3-58741,matched_control,58741,22004,3,10,1.226611852645874,0.14977312088012695,1.2174336910247803,0.014909074391242005,0.12210310995578766
sae-control-p3-58741,matched_control,58741,22004,3,16,1.226611852645874,0.1616232693195343,1.2159172296524048,0.017361646487451754,0.1317639946937561
sae-control-p3-58741,matched_control,58741,22004,3,25,1.226611852645874,0.1729949712753296,1.2143514156341553,0.019890828862873744,0.1410348117351532
random-residual-for-22004,isotropic_control,,22004,,5,1.224581003189087,0.10279110074043274,1.2202593088150024,0.007045787043808871,0.0839398205280304
random-residual-for-22004,isotropic_control,,22004,,10,1.224581003189087,0.12990960478782654,1.2176707983016968,0.011253984872575673,0.1060849279165268
random-residual-for-22004,isotropic_control,,22004,,16,1.224581003189087,0.14700666069984436,1.2157251834869385,0.01441113050273446,0.12004651129245758
random-residual-for-22004,isotropic_control,,22004,,25,1.224581003189087,0.16181819140911102,1.213842511177063,0.017461333218262376,0.13214167952537537
sae-target-30686,target,30686,30686,,5,1.1009684801101685,0.5554093718528748,0.9506061673164368,0.2544934150162448,0.5044734477996826
sae-target-30686,target,30686,30686,,10,1.1009684801101685,0.5928011536598206,0.9277491569519043,0.2899133210071867,0.5384360551834106
sae-target-30686,target,30686,30686,,16,1.1009684801101685,0.6014041900634766,0.922195553779602,0.29838918193127717,0.5462501049041748
sae-target-30686,target,30686,30686,,25,1.1009684801101685,0.6085270643234253,0.917510986328125,0.3054991602697049,0.5527198314666748
sae-control-p1-21779,matched_control,21779,30686,1,5,1.09898042678833,0.1281767338514328,1.0914801359176636,0.013602966533009186,0.11663240939378738
sae-control-p1-21779,matched_control,21779,30686,1,10,1.09898042678833,0.14837315678596497,1.0889184474945068,0.018227652859733823,0.13500984013080597
sae-control-p1-21779,matched_control,21779,30686,1,16,1.09898042678833,0.1624864637851715,1.0869020223617554,0.02186031698450619,0.14785203337669373
sae-control-p1-21779,matched_control,21779,30686,1,25,1.09898042678833,0.17910978198051453,1.0842868089675903,0.026561691112604202,0.1629781424999237
sae-control-p2-21403,matched_control,21403,30686,2,5,1.0983983278274536,0.12607808411121368,1.091138482093811,0.013175281925817073,0.11478357017040253
sae-control-p2-21403,matched_control,21403,30686,2,10,1.0983983278274536,0.14796385169029236,1.0883866548538208,0.01814650579789545,0.1347087323665619
sae-control-p2-21403,matched_control,21403,30686,2,16,1.0983983278274536,0.16390657424926758,1.0861002206802368,0.022267440824241924,0.1492232382297516
sae-control-p2-21403,matched_control,21403,30686,2,25,1.0983983278274536,0.17714126408100128,1.0840202569961548,0.026008717885846133,0.161272332072258
sae-control-p3-19827,matched_control,19827,30686,3,5,1.0955872535705566,0.5506184697151184,0.9471697807312012,0.25258514501426776,0.5025784373283386
sae-control-p3-19827,matched_control,19827,30686,3,10,1.0955872535705566,0.5662694573402405,0.937896728515625,0.2671482989845394,0.5168638229370117
sae-control-p3-19827,matched_control,19827,30686,3,16,1.0955872535705566,0.5706028938293457,0.9352666735649109,0.27125266936312853,0.5208192467689514
sae-control-p3-19827,matched_control,19827,30686,3,25,1.0955872535705566,0.5727526545524597,0.933951735496521,0.2733003932974316,0.5227813720703125
random-residual-for-30686,isotropic_control,,30686,,5,1.1009430885314941,0.09350582212209702,1.0969650745391846,0.007213501219920704,0.08493247628211975
random-residual-for-30686,isotropic_control,,30686,,10,1.1009430885314941,0.11658157408237457,1.0947531461715698,0.011213188507985472,0.10589246451854706
random-residual-for-30686,isotropic_control,,30686,,16,1.1009430885314941,0.13352511823177338,1.0928159952163696,0.014709382439682561,0.12128248810768127
random-residual-for-30686,isotropic_control,,30686,,25,1.1009430885314941,0.1472512036561966,1.0910512208938599,0.01788907891990099,0.1337500512599945
sae-target-41533,target,41533,41533,,5,1.2904164791107178,0.270280659198761,1.261793613433838,0.04387021200602137,0.20945227146148682
sae-target-41533,target,41533,41533,,10,1.2904164791107178,0.30005761981010437,1.2550458908081055,0.05406910283386168,0.2325277030467987
sae-target-41533,target,41533,41533,,16,1.2904164791107178,0.3185892403125763,1.2504701614379883,0.06095400413547136,0.24688869714736938
sae-target-41533,target,41533,41533,,25,1.2904164791107178,0.33232730627059937,1.2468894720077515,0.06632417298264459,0.257534921169281
sae-control-p1-29649,matched_control,29649,41533,1,5,1.2904605865478516,0.40596863627433777,1.2249399423599243,0.09896823314854408,0.31459206342697144
sae-control-p1-29649,matched_control,29649,41533,1,10,1.2904605865478516,0.4278927147388458,1.2174547910690308,0.10994632722208564,0.33158135414123535
sae-control-p1-29649,matched_control,29649,41533,1,16,1.2904605865478516,0.438736230134964,1.2135891914367676,0.11558945907657558,0.3399842381477356
sae-control-p1-29649,matched_control,29649,41533,1,25,1.2904605865478516,0.4476960599422455,1.2103126049041748,0.120358677059478,0.34692734479904175
sae-control-p2-1059,matched_control,1059,41533,2,5,1.2908021211624146,0.27865779399871826,1.2603650093078613,0.04660398032844393,0.21587954461574554
sae-control-p2-1059,matched_control,1059,41533,2,10,1.2908021211624146,0.3140832185745239,1.2520071268081665,0.059206601697988304,0.24332405626773834
sae-control-p2-1059,matched_control,1059,41533,2,16,1.2908021211624146,0.3296215236186981,1.2480063438415527,0.06520959695858519,0.25536179542541504
sae-control-p2-1059,matched_control,1059,41533,2,25,1.2908021211624146,0.3399967849254608,1.2452198266983032,0.0693792897165475,0.263399600982666
sae-control-p3-62289,matched_control,62289,41533,3,5,1.2908662557601929,0.210447296500206,1.2735962867736816,0.026578191198503576,0.16302795708179474
sae-control-p3-62289,matched_control,62289,41533,3,10,1.2908662557601929,0.24397051334381104,1.2676016092300415,0.03572020384947128,0.18899750709533691
sae-control-p3-62289,matched_control,62289,41533,3,16,1.2908662557601929,0.26062917709350586,1.2642816305160522,0.04076468468931338,0.20190255343914032
sae-control-p3-62289,matched_control,62289,41533,3,25,1.2908662557601929,0.2740586996078491,1.2614386081695557,0.04507394789573238,0.21230603754520416
random-residual-for-41533,isotropic_control,,41533,,5,1.290425419807434,0.11577057838439941,1.2852216958999634,0.00804886768544133,0.08971504867076874
random-residual-for-41533,isotropic_control,,41533,,10,1.290425419807434,0.14660228788852692,1.2820707559585571,0.01290677976189425,0.11360771954059601
random-residual-for-41533,isotropic_control,,41533,,16,1.290425419807434,0.1694205403327942,1.2792552709579468,0.017237421542702802,0.13129043579101562
random-residual-for-41533,isotropic_control,,41533,,25,1.290425419807434,0.18954752385616302,1.2764283418655396,0.02157608720266313,0.1468876302242279
sae-target-23893,target,23893,23893,,5,1.289405107498169,0.21008023619651794,1.272175908088684,0.02654571461500055,0.16292804479599
sae-target-23893,target,23893,23893,,10,1.289405107498169,0.23988506197929382,1.2668941020965576,0.034612088506563055,0.18604320287704468
sae-target-23893,target,23893,23893,,16,1.289405107498169,0.2555612623691559,1.2638250589370728,0.039283715689849785,0.19820091128349304
sae-target-23893,target,23893,23893,,25,1.289405107498169,0.26766833662986755,1.2613164186477661,0.043093894313085856,0.20759055018424988
sae-control-p1-15424,matched_control,15424,23893,1,5,1.2507940530776978,0.234962597489357,1.2285269498825073,0.03528782295435151,0.1878507435321808
sae-control-p1-15424,matched_control,15424,23893,1,10,1.2507940530776978,0.2688800096511841,1.2215520143508911,0.046210992231254355,0.21496742963790894
sae-control-p1-15424,matched_control,15424,23893,1,16,1.2507940530776978,0.2887929677963257,1.2169981002807617,0.053309137793742245,0.23088771104812622
sae-control-p1-15424,matched_control,15424,23893,1,25,1.2507940530776978,0.30439838767051697,1.2131890058517456,0.059225977937059526,0.2433640956878662
sae-control-p2-51407,matched_control,51407,23893,2,5,1.2273800373077393,0.367345929145813,1.1711187362670898,0.08957589597606408,0.29929274320602417
sae-control-p2-51407,matched_control,51407,23893,2,10,1.2273800373077393,0.39082324504852295,1.163494348526001,0.10139165917961401,0.31842073798179626
sae-control-p2-51407,matched_control,51407,23893,2,16,1.2273800373077393,0.3988569676876068,1.1607649326324463,0.10560276523494339,0.3249661922454834
sae-control-p2-51407,matched_control,51407,23893,2,25,1.2273800373077393,0.40217462182044983,1.1596195697784424,0.10736695354275483,0.3276691436767578
sae-control-p3-26362,matched_control,26362,23893,3,5,1.0723052024841309,0.36940205097198486,1.0066680908203125,0.11867563006104598,0.34449338912963867
sae-control-p3-26362,matched_control,26362,23893,3,10,1.0723052024841309,0.39632511138916016,0.9963759183883667,0.13660482209703773,0.3696010112762451
sae-control-p3-26362,matched_control,26362,23893,3,16,1.0723052024841309,0.4054916203022003,0.9926807880401611,0.1429968711867574,0.37814947962760925
sae-control-p3-26362,matched_control,26362,23893,3,25,1.0723052024841309,0.41223472356796265,0.9898995161056519,0.14779241004780497,0.3844378888607025
random-residual-for-23893,isotropic_control,,23893,,5,1.2893099784851074,0.11745261400938034,1.2839491367340088,0.00829854244094208,0.09109726548194885
random-residual-for-23893,isotropic_control,,23893,,10,1.2893099784851074,0.14250189065933228,1.281410813331604,0.012215786011744445,0.1105256974697113
random-residual-for-23893,isotropic_control,,23893,,16,1.2893099784851074,0.16202810406684875,1.2790883779525757,0.015793071444505036,0.1256704032421112
random-residual-for-23893,isotropic_control,,23893,,25,1.2893099784851074,0.1782800853252411,1.2769246101379395,0.0191201191269037,0.13827559351921082
