candidate_order,feature_id,candidate_pool_seed
0,19824,20260710
1,40414,20260710
2,50601,20260710
3,28001,20260710
4,18393,20260710
5,9968,20260710
6,45345,20260710
7,50803,20260710
8,12769,20260710
9,41765,20260710
10,16004,20260710
11,59201,20260710
12,56135,20260710
13,47847,20260710
14,28598,20260710
15,58762,20260710
16,47411,20260710
17,50762,20260710
18,20105,20260710
19,62289,20260710
20,13726,20260710
21,9567,20260710
22,27571,20260710
23,11454,20260710
24,55123,20260710
25,34094,20260710
26,39692,20260710
27,11202,20260710
28,28496,20260710
29,3144,20260710
30,62963,20260710
31,13938,20260710
32,35031,20260710
33,8701,20260710
34,6853,20260710
35,29736,20260710
36,12261,20260710
37,117,20260710
38,57425,20260710
39,7829,20260710
40,27162,20260710
41,57360,20260710
42,31224,20260710
43,4710,20260710
44,22474,20260710
45,2686,20260710
46,52808,20260710
47,44087,20260710
48,37080,20260710
49,31341,20260710
50,47564,20260710
51,49601,20260710
52,46920,20260710
53,22234,20260710
54,52747,20260710
55,2047,20260710
56,57980,20260710
57,62791,20260710
58,38379,20260710
59,17329,20260710
60,43081,20260710
61,19339,20260710
62,30101,20260710
63,37161,20260710
64,19919,20260710
65,54247,20260710
66,60765,20260710
67,27409,20260710
68,41330,20260710
69,19690,20260710
70,8406,20260710
71,43328,20260710
72,28186,20260710
73,40032,20260710
74,60069,20260710
75,8012,20260710
76,27547,20260710
77,42360,20260710
78,4119,20260710
79,18863,20260710
80,44249,20260710
81,48285,20260710
82,48129,20260710
83,18969,20260710
84,32381,20260710
85,32711,20260710
86,3068,20260710
87,49112,20260710
88,62220,20260710
89,55076,20260710
90,53595,20260710
91,8026,20260710
92,64612,20260710
93,32534,20260710
94,15209,20260710
95,58826,20260710
96,58741,20260710
97,34399,20260710
98,56482,20260710
99,7488,20260710
100,49391,20260710
101,32887,20260710
102,52994,20260710
103,64057,20260710
104,42560,20260710
105,59777,20260710
106,49457,20260710
107,65105,20260710
108,61350,20260710
109,29334,20260710
110,55963,20260710
111,59233,20260710
112,36944,20260710
113,23466,20260710
114,7780,20260710
115,53181,20260710
116,37834,20260710
117,22876,20260710
118,58080,20260710
119,55077,20260710
120,39888,20260710
121,39507,20260710
122,57101,20260710
123,58017,20260710
124,35811,20260710
125,54827,20260710
126,52912,20260710
127,43143,20260710
128,49794,20260710
129,54117,20260710
130,50205,20260710
131,3578,20260710
132,45710,20260710
133,57551,20260710
134,53858,20260710
135,57339,20260710
136,32312,20260710
137,55125,20260710
138,56614,20260710
139,30620,20260710
140,26362,20260710
141,15741,20260710
142,3894,20260710
143,41829,20260710
144,55778,20260710
145,43710,20260710
146,24555,20260710
147,2176,20260710
148,6152,20260710
149,24627,20260710
150,22810,20260710
151,59042,20260710
152,57515,20260710
153,11931,20260710
154,7684,20260710
155,26291,20260710
156,24104,20260710
157,22677,20260710
158,21560,20260710
159,62538,20260710
160,63052,20260710
161,28211,20260710
162,8192,20260710
163,10670,20260710
164,41644,20260710
165,44603,20260710
166,40391,20260710
167,64785,20260710
168,61101,20260710
169,54004,20260710
170,44293,20260710
171,54248,20260710
172,35973,20260710
173,63496,20260710
174,62842,20260710
175,41213,20260710
176,63007,20260710
177,5180,20260710
178,5170,20260710
179,42242,20260710
180,51640,20260710
181,50812,20260710
182,25377,20260710
183,204,20260710
184,8583,20260710
185,31432,20260710
186,19681,20260710
187,25052,20260710
188,15595,20260710
189,25860,20260710
190,12095,20260710
191,21403,20260710
192,63298,20260710
193,40795,20260710
194,35849,20260710
195,5603,20260710
196,17726,20260710
197,8200,20260710
198,15424,20260710
199,36710,20260710
200,63912,20260710
201,19668,20260710
202,21443,20260710
203,16656,20260710
204,22360,20260710
205,55092,20260710
206,61189,20260710
207,62894,20260710
208,19479,20260710
209,14502,20260710
210,31408,20260710
211,49359,20260710
212,55627,20260710
213,937,20260710
214,2418,20260710
215,50766,20260710
216,45569,20260710
217,13589,20260710
218,46178,20260710
219,53516,20260710
220,32270,20260710
221,40133,20260710
222,8481,20260710
223,24997,20260710
224,31125,20260710
225,57776,20260710
226,49748,20260710
227,33281,20260710
228,29993,20260710
229,56752,20260710
230,53924,20260710
231,20481,20260710
232,63958,20260710
233,18594,20260710
234,63511,20260710
235,62516,20260710
236,64365,20260710
237,39218,20260710
238,33203,20260710
239,17547,20260710
240,57603,20260710
241,50360,20260710
242,10672,20260710
243,7734,20260710
244,39469,20260710
245,44556,20260710
246,12139,20260710
247,24338,20260710
248,49418,20260710
249,62646,20260710
250,35279,20260710
251,5337,20260710
252,55334,20260710
253,64404,20260710
254,32882,20260710
255,21779,20260710
256,15239,20260710
257,12531,20260710
258,49313,20260710
259,19827,20260710
260,45358,20260710
261,18442,20260710
262,7585,20260710
263,12255,20260710
264,32690,20260710
265,56705,20260710
266,62378,20260710
267,63596,20260710
268,16559,20260710
269,34843,20260710
270,46700,20260710
271,7442,20260710
272,354,20260710
273,44342,20260710
274,529,20260710
275,30865,20260710
276,16171,20260710
277,49701,20260710
278,60611,20260710
279,5403,20260710
280,61195,20260710
281,52955,20260710
282,18814,20260710
283,37763,20260710
284,40341,20260710
285,8272,20260710
286,3756,20260710
287,51198,20260710
288,56678,20260710
289,39829,20260710
290,15579,20260710
291,4800,20260710
292,53068,20260710
293,50494,20260710
294,26869,20260710
295,4224,20260710
296,28370,20260710
297,60501,20260710
298,53430,20260710
299,20344,20260710
300,52647,20260710
301,14466,20260710
302,54181,20260710
303,58484,20260710
304,6105,20260710
305,11988,20260710
306,7182,20260710
307,41747,20260710
308,52341,20260710
309,27812,20260710
310,15780,20260710
311,29546,20260710
312,38525,20260710
313,64049,20260710
314,53895,20260710
315,7579,20260710
316,14040,20260710
317,5206,20260710
318,33853,20260710
319,43210,20260710
320,54066,20260710
321,21527,20260710
322,50636,20260710
323,63069,20260710
324,16106,20260710
325,12780,20260710
326,38515,20260710
327,25153,20260710
328,32417,20260710
329,54628,20260710
330,37743,20260710
331,38189,20260710
332,28595,20260710
333,7679,20260710
334,25134,20260710
335,41178,20260710
336,48923,20260710
337,2035,20260710
338,39567,20260710
339,6303,20260710
340,53041,20260710
341,30860,20260710
342,51782,20260710
343,16381,20260710
344,7547,20260710
345,12558,20260710
346,48080,20260710
347,65152,20260710
348,46185,20260710
349,29062,20260710
350,31925,20260710
351,59994,20260710
352,26745,20260710
353,33366,20260710
354,18711,20260710
355,55633,20260710
356,48445,20260710
357,32330,20260710
358,39123,20260710
359,7151,20260710
360,46478,20260710
361,41522,20260710
362,56060,20260710
363,62466,20260710
364,33707,20260710
365,33620,20260710
366,601,20260710
367,28792,20260710
368,47098,20260710
369,1059,20260710
370,39713,20260710
371,21941,20260710
372,47876,20260710
373,5199,20260710
374,56677,20260710
375,52290,20260710
376,62557,20260710
377,27222,20260710
378,49722,20260710
379,61329,20260710
380,44896,20260710
381,61627,20260710
382,62844,20260710
383,2557,20260710
384,22814,20260710
385,38985,20260710
386,63730,20260710
387,52285,20260710
388,51841,20260710
389,14182,20260710
390,48139,20260710
391,2440,20260710
392,47951,20260710
393,55529,20260710
394,33845,20260710
395,11250,20260710
396,13354,20260710
397,49062,20260710
398,35127,20260710
399,6202,20260710
400,3524,20260710
401,53250,20260710
402,36496,20260710
403,743,20260710
404,15565,20260710
405,45864,20260710
406,60690,20260710
407,65327,20260710
408,18924,20260710
409,19867,20260710
410,7135,20260710
411,16800,20260710
412,8051,20260710
413,54965,20260710
414,56948,20260710
415,33979,20260710
416,1028,20260710
417,12895,20260710
418,32375,20260710
419,58191,20260710
420,54157,20260710
421,7070,20260710
422,10776,20260710
423,8936,20260710
424,51407,20260710
425,42654,20260710
426,26041,20260710
427,39199,20260710
428,28333,20260710
429,35687,20260710
430,60058,20260710
431,61887,20260710
432,46606,20260710
433,22937,20260710
434,54978,20260710
435,55148,20260710
436,29403,20260710
437,60420,20260710
438,34257,20260710
439,60132,20260710
440,59306,20260710
441,2652,20260710
442,6441,20260710
443,29490,20260710
444,22961,20260710
445,63800,20260710
446,11026,20260710
447,45788,20260710
448,49533,20260710
449,36405,20260710
450,61033,20260710
451,42549,20260710
452,4548,20260710
453,13279,20260710
454,46891,20260710
455,44252,20260710
456,60082,20260710
457,20217,20260710
458,22712,20260710
459,40429,20260710
460,3461,20260710
461,46479,20260710
462,4468,20260710
463,11872,20260710
464,21625,20260710
465,10347,20260710
466,58402,20260710
467,8672,20260710
468,19699,20260710
469,1344,20260710
470,41789,20260710
471,37760,20260710
472,42985,20260710
473,24508,20260710
474,25488,20260710
475,11691,20260710
476,45481,20260710
477,53049,20260710
478,100,20260710
479,26840,20260710
480,25430,20260710
481,28015,20260710
482,43248,20260710
483,56006,20260710
484,65187,20260710
485,36677,20260710
486,47797,20260710
487,22948,20260710
488,1326,20260710
489,61860,20260710
490,32320,20260710
491,4871,20260710
492,52383,20260710
493,20418,20260710
494,54283,20260710
495,31852,20260710
496,29649,20260710
497,12354,20260710
498,12965,20260710
499,17676,20260710
500,1364,20260710
501,9418,20260710
502,4308,20260710
503,51110,20260710
504,49291,20260710
505,42220,20260710
506,34908,20260710
507,41263,20260710
508,64249,20260710
509,36569,20260710
510,11227,20260710
511,10862,20260710
